Index,IndexSpec,Filename,Date,NumPeaks,Detection,Multiple
0,0,2015.02.19_00.01.22.wav,2015.02.19,1,1,1
1,1,2015.02.19_00.01.22.wav,2015.02.19,0,0,0
2,2,2015.02.19_00.01.22.wav,2015.02.19,0,0,0
3,3,2015.02.19_00.01.22.wav,2015.02.19,0,0,0
4,4,2015.02.19_00.01.22.wav,2015.02.19,0,0,0
5,5,2015.02.19_00.01.22.wav,2015.02.19,1,1,1
6,6,2015.02.19_00.01.22.wav,2015.02.19,1,1,1
7,7,2015.02.19_00.01.22.wav,2015.02.19,2,1,1
8,8,2015.02.19_00.01.22.wav,2015.02.19,2,1,1
9,9,2015.02.19_00.01.22.wav,2015.02.19,2,1,1
10,10,2015.02.19_00.01.22.wav,2015.02.19,2,1,1
11,11,2015.02.19_00.01.22.wav,2015.02.19,1,1,1
12,12,2015.02.19_00.01.22.wav,2015.02.19,2,1,1
13,13,2015.02.19_00.01.22.wav,2015.02.19,2,1,1
14,14,2015.02.19_00.01.22.wav,2015.02.19,2,1,1
15,15,2015.02.19_00.16.24.wav,2015.02.19,1,1,1
16,16,2015.02.19_00.16.24.wav,2015.02.19,1,1,1
17,17,2015.02.19_00.16.24.wav,2015.02.19,1,1,1
18,18,2015.02.19_00.16.24.wav,2015.02.19,1,1,1
19,19,2015.02.19_00.16.24.wav,2015.02.19,1,1,1
20,20,2015.02.19_00.16.24.wav,2015.02.19,2,1,1
21,21,2015.02.19_00.16.24.wav,2015.02.19,1,1,1
22,22,2015.02.19_00.16.24.wav,2015.02.19,1,1,1
23,23,2015.02.19_00.16.24.wav,2015.02.19,1,1,1
24,24,2015.02.19_00.16.24.wav,2015.02.19,1,1,1
25,25,2015.02.19_00.16.24.wav,2015.02.19,0,0,0
26,26,2015.02.19_00.16.24.wav,2015.02.19,0,0,0
27,27,2015.02.19_00.16.24.wav,2015.02.19,0,0,0
28,28,2015.02.19_00.16.24.wav,2015.02.19,0,0,0
29,29,2015.02.19_00.16.24.wav,2015.02.19,0,0,0
30,30,2015.02.19_00.31.26.wav,2015.02.19,0,0,0
31,31,2015.02.19_00.31.26.wav,2015.02.19,0,0,0
32,32,2015.02.19_00.31.26.wav,2015.02.19,0,0,0
33,33,2015.02.19_00.31.26.wav,2015.02.19,1,1,1
34,34,2015.02.19_00.31.26.wav,2015.02.19,1,1,1
35,35,2015.02.19_00.31.26.wav,2015.02.19,1,1,1
36,36,2015.02.19_00.31.26.wav,2015.02.19,1,1,1
37,37,2015.02.19_00.31.26.wav,2015.02.19,1,1,1
38,38,2015.02.19_00.31.26.wav,2015.02.19,1,1,1
39,39,2015.02.19_00.31.26.wav,2015.02.19,1,1,1
40,40,2015.02.19_00.31.26.wav,2015.02.19,1,1,1
41,41,2015.02.19_00.31.26.wav,2015.02.19,1,1,1
42,42,2015.02.19_00.31.26.wav,2015.02.19,1,1,1
43,43,2015.02.19_00.31.26.wav,2015.02.19,1,1,1
44,44,2015.02.19_00.31.26.wav,2015.02.19,1,1,1
45,45,2015.02.19_00.46.30.wav,2015.02.19,1,1,1
46,46,2015.02.19_00.46.30.wav,2015.02.19,1,1,1
47,47,2015.02.19_00.46.30.wav,2015.02.19,1,1,1
48,48,2015.02.19_00.46.30.wav,2015.02.19,1,1,1
49,49,2015.02.19_00.46.30.wav,2015.02.19,1,1,1
50,50,2015.02.19_00.46.30.wav,2015.02.19,0,0,0
51,51,2015.02.19_00.46.30.wav,2015.02.19,0,0,0
52,52,2015.02.19_00.46.30.wav,2015.02.19,0,0,0
53,53,2015.02.19_00.46.30.wav,2015.02.19,0,0,0
54,54,2015.02.19_00.46.30.wav,2015.02.19,0,0,0
55,55,2015.02.19_00.46.30.wav,2015.02.19,0,0,0
56,56,2015.02.19_00.46.30.wav,2015.02.19,0,0,0
57,57,2015.02.19_00.46.30.wav,2015.02.19,0,0,0
58,58,2015.02.19_00.46.30.wav,2015.02.19,0,0,0
59,59,2015.02.19_00.46.30.wav,2015.02.19,0,0,0
60,60,2015.02.19_01.01.35.wav,2015.02.19,0,0,0
61,61,2015.02.19_01.01.35.wav,2015.02.19,0,0,0
62,62,2015.02.19_01.01.35.wav,2015.02.19,0,0,0
63,63,2015.02.19_01.01.35.wav,2015.02.19,0,0,0
64,64,2015.02.19_01.01.35.wav,2015.02.19,0,0,0
65,65,2015.02.19_01.01.35.wav,2015.02.19,0,0,0
66,66,2015.02.19_01.01.35.wav,2015.02.19,0,0,0
67,67,2015.02.19_01.01.35.wav,2015.02.19,0,0,0
68,68,2015.02.19_01.01.35.wav,2015.02.19,0,0,0
69,69,2015.02.19_01.01.35.wav,2015.02.19,0,0,0
70,70,2015.02.19_01.01.35.wav,2015.02.19,0,0,0
71,71,2015.02.19_01.01.35.wav,2015.02.19,0,0,0
72,72,2015.02.19_01.01.35.wav,2015.02.19,0,0,0
73,73,2015.02.19_01.01.35.wav,2015.02.19,0,0,0
74,74,2015.02.19_01.01.35.wav,2015.02.19,0,0,0
75,75,2015.02.19_01.16.37.wav,2015.02.19,0,0,0
76,76,2015.02.19_01.16.37.wav,2015.02.19,0,0,0
77,77,2015.02.19_01.16.37.wav,2015.02.19,0,0,0
78,78,2015.02.19_01.16.37.wav,2015.02.19,0,0,0
79,79,2015.02.19_01.16.37.wav,2015.02.19,0,0,0
80,80,2015.02.19_01.16.37.wav,2015.02.19,0,0,0
81,81,2015.02.19_01.16.37.wav,2015.02.19,0,0,0
82,82,2015.02.19_01.16.37.wav,2015.02.19,0,0,0
83,83,2015.02.19_01.16.37.wav,2015.02.19,0,0,0
84,84,2015.02.19_01.16.37.wav,2015.02.19,0,0,0
85,85,2015.02.19_01.16.37.wav,2015.02.19,0,0,0
86,86,2015.02.19_01.16.37.wav,2015.02.19,0,0,0
87,87,2015.02.19_01.16.37.wav,2015.02.19,0,0,0
88,88,2015.02.19_01.16.37.wav,2015.02.19,0,0,0
89,89,2015.02.19_01.16.37.wav,2015.02.19,0,0,0
90,90,2015.02.19_01.31.42.wav,2015.02.19,0,0,0
91,91,2015.02.19_01.31.42.wav,2015.02.19,0,0,0
92,92,2015.02.19_01.31.42.wav,2015.02.19,0,0,0
93,93,2015.02.19_01.31.42.wav,2015.02.19,0,0,0
94,94,2015.02.19_01.31.42.wav,2015.02.19,0,0,0
95,95,2015.02.19_01.31.42.wav,2015.02.19,0,0,0
96,96,2015.02.19_01.31.42.wav,2015.02.19,0,0,0
97,97,2015.02.19_01.31.42.wav,2015.02.19,0,0,0
98,98,2015.02.19_01.31.42.wav,2015.02.19,0,0,0
99,99,2015.02.19_01.31.42.wav,2015.02.19,0,0,0
100,100,2015.02.19_01.31.42.wav,2015.02.19,0,0,0
101,101,2015.02.19_01.31.42.wav,2015.02.19,0,0,0
102,102,2015.02.19_01.31.42.wav,2015.02.19,0,0,0
103,103,2015.02.19_01.31.42.wav,2015.02.19,0,0,0
104,104,2015.02.19_01.31.42.wav,2015.02.19,0,0,0
105,105,2015.02.19_01.46.44.wav,2015.02.19,0,0,0
106,106,2015.02.19_01.46.44.wav,2015.02.19,0,0,0
107,107,2015.02.19_01.46.44.wav,2015.02.19,0,0,0
108,108,2015.02.19_01.46.44.wav,2015.02.19,1,1,1
109,109,2015.02.19_01.46.44.wav,2015.02.19,1,1,1
110,110,2015.02.19_01.46.44.wav,2015.02.19,1,1,1
111,111,2015.02.19_01.46.44.wav,2015.02.19,1,1,1
112,112,2015.02.19_01.46.44.wav,2015.02.19,1,1,1
113,113,2015.02.19_01.46.44.wav,2015.02.19,1,1,1
114,114,2015.02.19_01.46.44.wav,2015.02.19,1,1,1
115,115,2015.02.19_01.46.44.wav,2015.02.19,1,1,1
116,116,2015.02.19_01.46.44.wav,2015.02.19,1,1,1
117,117,2015.02.19_01.46.44.wav,2015.02.19,1,1,1
118,118,2015.02.19_01.46.44.wav,2015.02.19,1,1,1
119,119,2015.02.19_01.46.44.wav,2015.02.19,1,1,1
120,120,2015.02.19_02.01.46.wav,2015.02.19,1,1,0
121,121,2015.02.19_02.01.46.wav,2015.02.19,1,1,0
122,122,2015.02.19_02.01.46.wav,2015.02.19,1,1,0
123,123,2015.02.19_02.01.46.wav,2015.02.19,1,1,0
124,124,2015.02.19_02.01.46.wav,2015.02.19,1,1,0
125,125,2015.02.19_02.01.46.wav,2015.02.19,1,1,0
126,126,2015.02.19_02.01.46.wav,2015.02.19,1,1,0
127,127,2015.02.19_02.01.46.wav,2015.02.19,1,1,0
128,128,2015.02.19_02.01.46.wav,2015.02.19,1,1,0
129,129,2015.02.19_02.01.46.wav,2015.02.19,1,1,0
130,130,2015.02.19_02.01.46.wav,2015.02.19,1,1,0
131,131,2015.02.19_02.01.46.wav,2015.02.19,1,1,0
132,132,2015.02.19_02.01.46.wav,2015.02.19,1,1,0
133,133,2015.02.19_02.01.46.wav,2015.02.19,1,1,0
134,134,2015.02.19_02.01.46.wav,2015.02.19,1,1,0
135,135,2015.02.19_02.16.52.wav,2015.02.19,0,0,0
136,136,2015.02.19_02.16.52.wav,2015.02.19,0,0,0
137,137,2015.02.19_02.16.52.wav,2015.02.19,0,0,0
138,138,2015.02.19_02.16.52.wav,2015.02.19,0,0,0
139,139,2015.02.19_02.16.52.wav,2015.02.19,0,0,0
140,140,2015.02.19_02.16.52.wav,2015.02.19,0,0,0
141,141,2015.02.19_02.16.52.wav,2015.02.19,0,0,0
142,142,2015.02.19_02.16.52.wav,2015.02.19,0,0,0
143,143,2015.02.19_02.16.52.wav,2015.02.19,0,0,0
144,144,2015.02.19_02.16.52.wav,2015.02.19,0,0,0
145,145,2015.02.19_02.16.52.wav,2015.02.19,0,0,0
146,146,2015.02.19_02.16.52.wav,2015.02.19,0,0,0
147,147,2015.02.19_02.16.52.wav,2015.02.19,0,0,0
148,148,2015.02.19_02.16.52.wav,2015.02.19,0,0,0
149,149,2015.02.19_02.16.52.wav,2015.02.19,0,0,0
150,150,2015.02.19_02.31.57.wav,2015.02.19,0,0,0
151,151,2015.02.19_02.31.57.wav,2015.02.19,0,0,0
152,152,2015.02.19_02.31.57.wav,2015.02.19,0,0,0
153,153,2015.02.19_02.31.57.wav,2015.02.19,0,0,0
154,154,2015.02.19_02.31.57.wav,2015.02.19,0,0,0
155,155,2015.02.19_02.31.57.wav,2015.02.19,0,0,0
156,156,2015.02.19_02.31.57.wav,2015.02.19,0,0,0
157,157,2015.02.19_02.31.57.wav,2015.02.19,0,0,0
158,158,2015.02.19_02.31.57.wav,2015.02.19,0,0,0
159,159,2015.02.19_02.31.57.wav,2015.02.19,0,0,0
160,160,2015.02.19_02.31.57.wav,2015.02.19,0,0,0
161,161,2015.02.19_02.31.57.wav,2015.02.19,0,0,0
162,162,2015.02.19_02.31.57.wav,2015.02.19,0,0,0
163,163,2015.02.19_02.31.57.wav,2015.02.19,0,0,0
164,164,2015.02.19_02.31.57.wav,2015.02.19,0,0,0
165,165,2015.02.19_02.46.59.wav,2015.02.19,0,0,0
166,166,2015.02.19_02.46.59.wav,2015.02.19,0,0,0
167,167,2015.02.19_02.46.59.wav,2015.02.19,0,0,0
168,168,2015.02.19_02.46.59.wav,2015.02.19,0,0,0
169,169,2015.02.19_02.46.59.wav,2015.02.19,0,0,0
170,170,2015.02.19_02.46.59.wav,2015.02.19,0,0,0
171,171,2015.02.19_02.46.59.wav,2015.02.19,0,0,0
172,172,2015.02.19_02.46.59.wav,2015.02.19,0,0,0
173,173,2015.02.19_02.46.59.wav,2015.02.19,0,0,0
174,174,2015.02.19_02.46.59.wav,2015.02.19,0,0,0
175,175,2015.02.19_02.46.59.wav,2015.02.19,0,0,0
176,176,2015.02.19_02.46.59.wav,2015.02.19,0,0,0
177,177,2015.02.19_02.46.59.wav,2015.02.19,0,0,0
178,178,2015.02.19_02.46.59.wav,2015.02.19,0,0,0
179,179,2015.02.19_02.46.59.wav,2015.02.19,0,0,0
180,180,2015.02.19_03.02.02.wav,2015.02.19,0,0,0
181,181,2015.02.19_03.02.02.wav,2015.02.19,0,0,0
182,182,2015.02.19_03.02.02.wav,2015.02.19,0,0,0
183,183,2015.02.19_03.02.02.wav,2015.02.19,0,0,0
184,184,2015.02.19_03.02.02.wav,2015.02.19,0,0,0
185,185,2015.02.19_03.02.02.wav,2015.02.19,0,0,0
186,186,2015.02.19_03.02.02.wav,2015.02.19,0,0,0
187,187,2015.02.19_03.02.02.wav,2015.02.19,0,0,0
188,188,2015.02.19_03.02.02.wav,2015.02.19,0,0,0
189,189,2015.02.19_03.02.02.wav,2015.02.19,0,0,0
190,190,2015.02.19_03.02.02.wav,2015.02.19,0,0,0
191,191,2015.02.19_03.02.02.wav,2015.02.19,0,0,0
192,192,2015.02.19_03.02.02.wav,2015.02.19,0,0,0
193,193,2015.02.19_03.02.02.wav,2015.02.19,0,0,0
194,194,2015.02.19_03.02.02.wav,2015.02.19,0,0,0
195,195,2015.02.19_03.17.06.wav,2015.02.19,2,1,0
196,196,2015.02.19_03.17.06.wav,2015.02.19,2,1,0
197,197,2015.02.19_03.17.06.wav,2015.02.19,2,1,0
198,198,2015.02.19_03.17.06.wav,2015.02.19,1,1,0
199,199,2015.02.19_03.17.06.wav,2015.02.19,2,1,0
200,200,2015.02.19_03.17.06.wav,2015.02.19,2,1,0
201,201,2015.02.19_03.17.06.wav,2015.02.19,2,1,0
202,202,2015.02.19_03.17.06.wav,2015.02.19,2,1,0
203,203,2015.02.19_03.17.06.wav,2015.02.19,2,1,0
204,204,2015.02.19_03.17.06.wav,2015.02.19,2,1,0
205,205,2015.02.19_03.17.06.wav,2015.02.19,2,1,0
206,206,2015.02.19_03.17.06.wav,2015.02.19,2,1,0
207,207,2015.02.19_03.17.06.wav,2015.02.19,2,1,0
208,208,2015.02.19_03.17.06.wav,2015.02.19,2,1,0
209,209,2015.02.19_03.17.06.wav,2015.02.19,1,1,0
210,210,2015.02.19_03.32.09.wav,2015.02.19,2,1,1
211,211,2015.02.19_03.32.09.wav,2015.02.19,2,1,1
212,212,2015.02.19_03.32.09.wav,2015.02.19,2,1,1
213,213,2015.02.19_03.32.09.wav,2015.02.19,2,1,1
214,214,2015.02.19_03.32.09.wav,2015.02.19,2,1,1
215,215,2015.02.19_03.32.09.wav,2015.02.19,2,1,1
216,216,2015.02.19_03.32.09.wav,2015.02.19,2,1,1
217,217,2015.02.19_03.32.09.wav,2015.02.19,2,1,1
218,218,2015.02.19_03.32.09.wav,2015.02.19,2,1,1
219,219,2015.02.19_03.32.09.wav,2015.02.19,2,1,1
220,220,2015.02.19_03.32.09.wav,2015.02.19,2,1,1
221,221,2015.02.19_03.32.09.wav,2015.02.19,2,1,1
222,222,2015.02.19_03.32.09.wav,2015.02.19,2,1,1
223,223,2015.02.19_03.32.09.wav,2015.02.19,2,1,1
224,224,2015.02.19_03.32.09.wav,2015.02.19,2,1,1
225,225,2015.02.19_03.47.13.wav,2015.02.19,2,1,1
226,226,2015.02.19_03.47.13.wav,2015.02.19,2,1,1
227,227,2015.02.19_03.47.13.wav,2015.02.19,2,1,1
228,228,2015.02.19_03.47.13.wav,2015.02.19,2,1,1
229,229,2015.02.19_03.47.13.wav,2015.02.19,2,1,1
230,230,2015.02.19_03.47.13.wav,2015.02.19,2,1,1
231,231,2015.02.19_03.47.13.wav,2015.02.19,2,1,1
232,232,2015.02.19_03.47.13.wav,2015.02.19,2,1,1
233,233,2015.02.19_03.47.13.wav,2015.02.19,2,1,1
234,234,2015.02.19_03.47.13.wav,2015.02.19,2,1,1
235,235,2015.02.19_03.47.13.wav,2015.02.19,2,1,1
236,236,2015.02.19_03.47.13.wav,2015.02.19,2,1,1
237,237,2015.02.19_03.47.13.wav,2015.02.19,2,1,1
238,238,2015.02.19_03.47.13.wav,2015.02.19,2,1,1
239,239,2015.02.19_03.47.13.wav,2015.02.19,2,1,1
240,240,2015.02.19_04.02.19.wav,2015.02.19,2,1,1
241,241,2015.02.19_04.02.19.wav,2015.02.19,2,1,1
242,242,2015.02.19_04.02.19.wav,2015.02.19,2,1,1
243,243,2015.02.19_04.02.19.wav,2015.02.19,2,1,1
244,244,2015.02.19_04.02.19.wav,2015.02.19,2,1,1
245,245,2015.02.19_04.02.19.wav,2015.02.19,2,1,1
246,246,2015.02.19_04.02.19.wav,2015.02.19,2,1,1
247,247,2015.02.19_04.02.19.wav,2015.02.19,2,1,1
248,248,2015.02.19_04.02.19.wav,2015.02.19,2,1,1
249,249,2015.02.19_04.02.19.wav,2015.02.19,2,1,1
250,250,2015.02.19_04.02.19.wav,2015.02.19,0,0,0
251,251,2015.02.19_04.02.19.wav,2015.02.19,0,0,0
252,252,2015.02.19_04.02.19.wav,2015.02.19,0,0,0
253,253,2015.02.19_04.02.19.wav,2015.02.19,0,0,0
254,254,2015.02.19_04.02.19.wav,2015.02.19,0,0,0
255,255,2015.02.19_04.17.21.wav,2015.02.19,0,0,0
256,256,2015.02.19_04.17.21.wav,2015.02.19,0,0,0
257,257,2015.02.19_04.17.21.wav,2015.02.19,0,0,0
258,258,2015.02.19_04.17.21.wav,2015.02.19,0,0,0
259,259,2015.02.19_04.17.21.wav,2015.02.19,0,0,0
260,260,2015.02.19_04.17.21.wav,2015.02.19,0,0,0
261,261,2015.02.19_04.17.21.wav,2015.02.19,0,0,0
262,262,2015.02.19_04.17.21.wav,2015.02.19,0,0,0
263,263,2015.02.19_04.17.21.wav,2015.02.19,0,0,0
264,264,2015.02.19_04.17.21.wav,2015.02.19,0,0,0
265,265,2015.02.19_04.17.21.wav,2015.02.19,0,0,0
266,266,2015.02.19_04.17.21.wav,2015.02.19,0,0,0
267,267,2015.02.19_04.17.21.wav,2015.02.19,0,0,0
268,268,2015.02.19_04.17.21.wav,2015.02.19,0,0,0
269,269,2015.02.19_04.17.21.wav,2015.02.19,0,0,0
270,270,2015.02.19_04.32.27.wav,2015.02.19,0,0,0
271,271,2015.02.19_04.32.27.wav,2015.02.19,0,0,0
272,272,2015.02.19_04.32.27.wav,2015.02.19,0,0,0
273,273,2015.02.19_04.32.27.wav,2015.02.19,0,0,0
274,274,2015.02.19_04.32.27.wav,2015.02.19,0,0,0
275,275,2015.02.19_04.32.27.wav,2015.02.19,0,0,0
276,276,2015.02.19_04.32.27.wav,2015.02.19,0,0,0
277,277,2015.02.19_04.32.27.wav,2015.02.19,0,0,0
278,278,2015.02.19_04.32.27.wav,2015.02.19,0,0,0
279,279,2015.02.19_04.32.27.wav,2015.02.19,0,0,0
280,280,2015.02.19_04.32.27.wav,2015.02.19,0,0,0
281,281,2015.02.19_04.32.27.wav,2015.02.19,0,0,0
282,282,2015.02.19_04.32.27.wav,2015.02.19,0,0,0
283,283,2015.02.19_04.32.27.wav,2015.02.19,0,0,0
284,284,2015.02.19_04.32.27.wav,2015.02.19,0,0,0
285,285,2015.02.19_04.47.33.wav,2015.02.19,0,0,0
286,286,2015.02.19_04.47.33.wav,2015.02.19,0,0,0
287,287,2015.02.19_04.47.33.wav,2015.02.19,0,0,0
288,288,2015.02.19_04.47.33.wav,2015.02.19,0,0,0
289,289,2015.02.19_04.47.33.wav,2015.02.19,0,0,0
290,290,2015.02.19_04.47.33.wav,2015.02.19,0,0,0
291,291,2015.02.19_04.47.33.wav,2015.02.19,0,0,0
292,292,2015.02.19_04.47.33.wav,2015.02.19,0,0,0
293,293,2015.02.19_04.47.33.wav,2015.02.19,0,0,0
294,294,2015.02.19_04.47.33.wav,2015.02.19,0,0,0
295,295,2015.02.19_04.47.33.wav,2015.02.19,0,0,0
296,296,2015.02.19_04.47.33.wav,2015.02.19,0,0,0
297,297,2015.02.19_04.47.33.wav,2015.02.19,0,0,0
298,298,2015.02.19_04.47.33.wav,2015.02.19,0,0,0
299,299,2015.02.19_04.47.33.wav,2015.02.19,0,0,0
300,300,2015.02.19_05.02.35.wav,2015.02.19,0,0,0
301,301,2015.02.19_05.02.35.wav,2015.02.19,2,1,1
302,302,2015.02.19_05.02.35.wav,2015.02.19,2,1,1
303,303,2015.02.19_05.02.35.wav,2015.02.19,2,1,1
304,304,2015.02.19_05.02.35.wav,2015.02.19,2,1,1
305,305,2015.02.19_05.02.35.wav,2015.02.19,2,1,1
306,306,2015.02.19_05.02.35.wav,2015.02.19,2,1,1
307,307,2015.02.19_05.02.35.wav,2015.02.19,2,1,1
308,308,2015.02.19_05.02.35.wav,2015.02.19,2,1,1
309,309,2015.02.19_05.02.35.wav,2015.02.19,2,1,1
310,310,2015.02.19_05.02.35.wav,2015.02.19,2,1,1
311,311,2015.02.19_05.02.35.wav,2015.02.19,2,1,1
312,312,2015.02.19_05.02.35.wav,2015.02.19,2,1,1
313,313,2015.02.19_05.02.35.wav,2015.02.19,2,1,1
314,314,2015.02.19_05.02.35.wav,2015.02.19,2,1,1
315,315,2015.02.19_05.17.43.wav,2015.02.19,2,1,1
316,316,2015.02.19_05.17.43.wav,2015.02.19,2,1,1
317,317,2015.02.19_05.17.43.wav,2015.02.19,2,1,1
318,318,2015.02.19_05.17.43.wav,2015.02.19,2,1,1
319,319,2015.02.19_05.17.43.wav,2015.02.19,2,1,1
320,320,2015.02.19_05.17.43.wav,2015.02.19,3,1,1
321,321,2015.02.19_05.17.43.wav,2015.02.19,2,1,1
322,322,2015.02.19_05.17.43.wav,2015.02.19,2,1,1
323,323,2015.02.19_05.17.43.wav,2015.02.19,2,1,1
324,324,2015.02.19_05.17.43.wav,2015.02.19,2,1,1
325,325,2015.02.19_05.17.43.wav,2015.02.19,2,1,1
326,326,2015.02.19_05.17.43.wav,2015.02.19,2,1,1
327,327,2015.02.19_05.17.43.wav,2015.02.19,2,1,1
328,328,2015.02.19_05.17.43.wav,2015.02.19,3,1,1
329,329,2015.02.19_05.17.43.wav,2015.02.19,2,1,1
330,330,2015.02.19_05.32.48.wav,2015.02.19,2,1,1
331,331,2015.02.19_05.32.48.wav,2015.02.19,2,1,1
332,332,2015.02.19_05.32.48.wav,2015.02.19,0,0,0
333,333,2015.02.19_05.32.48.wav,2015.02.19,0,0,0
334,334,2015.02.19_05.32.48.wav,2015.02.19,0,0,0
335,335,2015.02.19_05.32.48.wav,2015.02.19,0,0,0
336,336,2015.02.19_05.32.48.wav,2015.02.19,0,0,0
337,337,2015.02.19_05.32.48.wav,2015.02.19,0,0,0
338,338,2015.02.19_05.32.48.wav,2015.02.19,0,0,0
339,339,2015.02.19_05.32.48.wav,2015.02.19,0,0,0
340,340,2015.02.19_05.32.48.wav,2015.02.19,0,0,0
341,341,2015.02.19_05.32.48.wav,2015.02.19,0,0,0
342,342,2015.02.19_05.32.48.wav,2015.02.19,0,0,0
343,343,2015.02.19_05.32.48.wav,2015.02.19,0,0,0
344,344,2015.02.19_05.32.48.wav,2015.02.19,0,0,0
345,345,2015.02.19_05.47.53.wav,2015.02.19,0,0,0
346,346,2015.02.19_05.47.53.wav,2015.02.19,0,0,0
347,347,2015.02.19_05.47.53.wav,2015.02.19,0,0,0
348,348,2015.02.19_05.47.53.wav,2015.02.19,0,0,0
349,349,2015.02.19_05.47.53.wav,2015.02.19,0,0,0
350,350,2015.02.19_05.47.53.wav,2015.02.19,0,0,0
351,351,2015.02.19_05.47.53.wav,2015.02.19,0,0,0
352,352,2015.02.19_05.47.53.wav,2015.02.19,0,0,0
353,353,2015.02.19_05.47.53.wav,2015.02.19,0,0,0
354,354,2015.02.19_05.47.53.wav,2015.02.19,0,0,0
355,355,2015.02.19_05.47.53.wav,2015.02.19,0,0,0
356,356,2015.02.19_05.47.53.wav,2015.02.19,0,0,0
357,357,2015.02.19_05.47.53.wav,2015.02.19,0,0,0
358,358,2015.02.19_05.47.53.wav,2015.02.19,0,0,0
359,359,2015.02.19_05.47.53.wav,2015.02.19,0,0,0
360,360,2015.02.19_06.02.55.wav,2015.02.19,2,1,0
361,361,2015.02.19_06.02.55.wav,2015.02.19,2,1,0
362,362,2015.02.19_06.02.55.wav,2015.02.19,2,1,0
363,363,2015.02.19_06.02.55.wav,2015.02.19,2,1,0
364,364,2015.02.19_06.02.55.wav,2015.02.19,2,1,0
365,365,2015.02.19_06.02.55.wav,2015.02.19,2,1,0
366,366,2015.02.19_06.02.55.wav,2015.02.19,2,1,0
367,367,2015.02.19_06.02.55.wav,2015.02.19,2,1,0
368,368,2015.02.19_06.02.55.wav,2015.02.19,2,1,0
369,369,2015.02.19_06.02.55.wav,2015.02.19,0,0,0
370,370,2015.02.19_06.02.55.wav,2015.02.19,0,0,0
371,371,2015.02.19_06.02.55.wav,2015.02.19,0,0,0
372,372,2015.02.19_06.02.55.wav,2015.02.19,2,1,0
373,373,2015.02.19_06.02.55.wav,2015.02.19,2,1,0
374,374,2015.02.19_06.02.55.wav,2015.02.19,2,1,0
375,375,2015.02.19_06.17.59.wav,2015.02.19,0,0,0
376,376,2015.02.19_06.17.59.wav,2015.02.19,0,0,0
377,377,2015.02.19_06.17.59.wav,2015.02.19,0,0,0
378,378,2015.02.19_06.17.59.wav,2015.02.19,0,0,0
379,379,2015.02.19_06.17.59.wav,2015.02.19,0,0,0
380,380,2015.02.19_06.17.59.wav,2015.02.19,0,0,0
381,381,2015.02.19_06.17.59.wav,2015.02.19,0,0,0
382,382,2015.02.19_06.17.59.wav,2015.02.19,0,0,0
383,383,2015.02.19_06.17.59.wav,2015.02.19,0,0,0
384,384,2015.02.19_06.17.59.wav,2015.02.19,0,0,0
385,385,2015.02.19_06.17.59.wav,2015.02.19,0,0,0
386,386,2015.02.19_06.17.59.wav,2015.02.19,0,0,0
387,387,2015.02.19_06.17.59.wav,2015.02.19,0,0,0
388,388,2015.02.19_06.17.59.wav,2015.02.19,0,0,0
389,389,2015.02.19_06.17.59.wav,2015.02.19,0,0,0
390,390,2015.02.19_06.33.03.wav,2015.02.19,0,0,0
391,391,2015.02.19_06.33.03.wav,2015.02.19,2,1,1
392,392,2015.02.19_06.33.03.wav,2015.02.19,2,1,1
393,393,2015.02.19_06.33.03.wav,2015.02.19,0,0,0
394,394,2015.02.19_06.33.03.wav,2015.02.19,2,1,1
395,395,2015.02.19_06.33.03.wav,2015.02.19,1,1,1
396,396,2015.02.19_06.33.03.wav,2015.02.19,3,1,1
397,397,2015.02.19_06.33.03.wav,2015.02.19,3,1,1
398,398,2015.02.19_06.33.03.wav,2015.02.19,3,1,1
399,399,2015.02.19_06.33.03.wav,2015.02.19,3,1,1
400,400,2015.02.19_06.33.03.wav,2015.02.19,3,1,1
401,401,2015.02.19_06.33.03.wav,2015.02.19,0,0,0
402,402,2015.02.19_06.33.03.wav,2015.02.19,3,1,1
403,403,2015.02.19_06.33.03.wav,2015.02.19,3,1,1
404,404,2015.02.19_06.33.03.wav,2015.02.19,3,1,1
405,405,2015.02.19_06.48.05.wav,2015.02.19,3,1,1
406,406,2015.02.19_06.48.05.wav,2015.02.19,3,1,1
407,407,2015.02.19_06.48.05.wav,2015.02.19,2,1,1
408,408,2015.02.19_06.48.05.wav,2015.02.19,3,1,1
409,409,2015.02.19_06.48.05.wav,2015.02.19,3,1,1
410,410,2015.02.19_06.48.05.wav,2015.02.19,1,1,1
411,411,2015.02.19_06.48.05.wav,2015.02.19,2,1,1
412,412,2015.02.19_06.48.05.wav,2015.02.19,3,1,1
413,413,2015.02.19_06.48.05.wav,2015.02.19,3,1,1
414,414,2015.02.19_06.48.05.wav,2015.02.19,3,1,1
415,415,2015.02.19_06.48.05.wav,2015.02.19,3,1,1
416,416,2015.02.19_06.48.05.wav,2015.02.19,3,1,1
417,417,2015.02.19_06.48.05.wav,2015.02.19,0,0,0
418,418,2015.02.19_06.48.05.wav,2015.02.19,0,0,0
419,419,2015.02.19_06.48.05.wav,2015.02.19,0,0,0
420,420,2015.02.19_07.03.09.wav,2015.02.19,0,0,0
421,421,2015.02.19_07.03.09.wav,2015.02.19,0,0,0
422,422,2015.02.19_07.03.09.wav,2015.02.19,0,0,0
423,423,2015.02.19_07.03.09.wav,2015.02.19,1,1,1
424,424,2015.02.19_07.03.09.wav,2015.02.19,1,1,1
425,425,2015.02.19_07.03.09.wav,2015.02.19,1,1,1
426,426,2015.02.19_07.03.09.wav,2015.02.19,1,1,1
427,427,2015.02.19_07.03.09.wav,2015.02.19,1,1,1
428,428,2015.02.19_07.03.09.wav,2015.02.19,1,1,1
429,429,2015.02.19_07.03.09.wav,2015.02.19,1,1,1
430,430,2015.02.19_07.03.09.wav,2015.02.19,2,1,1
431,431,2015.02.19_07.03.09.wav,2015.02.19,2,1,1
432,432,2015.02.19_07.03.09.wav,2015.02.19,3,1,1
433,433,2015.02.19_07.03.09.wav,2015.02.19,3,1,1
434,434,2015.02.19_07.03.09.wav,2015.02.19,2,1,1
435,435,2015.02.19_07.18.14.wav,2015.02.19,3,1,1
436,436,2015.02.19_07.18.14.wav,2015.02.19,3,1,1
437,437,2015.02.19_07.18.14.wav,2015.02.19,1,1,1
438,438,2015.02.19_07.18.14.wav,2015.02.19,0,0,0
439,439,2015.02.19_07.18.14.wav,2015.02.19,0,0,0
440,440,2015.02.19_07.18.14.wav,2015.02.19,3,1,1
441,441,2015.02.19_07.18.14.wav,2015.02.19,3,1,1
442,442,2015.02.19_07.18.14.wav,2015.02.19,2,1,1
443,443,2015.02.19_07.18.14.wav,2015.02.19,2,1,1
444,444,2015.02.19_07.18.14.wav,2015.02.19,0,0,0
445,445,2015.02.19_07.18.14.wav,2015.02.19,3,1,1
446,446,2015.02.19_07.18.14.wav,2015.02.19,3,1,1
447,447,2015.02.19_07.18.14.wav,2015.02.19,2,1,1
448,448,2015.02.19_07.18.14.wav,2015.02.19,2,1,1
449,449,2015.02.19_07.18.14.wav,2015.02.19,2,1,1
450,450,2015.02.19_07.33.16.wav,2015.02.19,2,1,1
451,451,2015.02.19_07.33.16.wav,2015.02.19,2,1,1
452,452,2015.02.19_07.33.16.wav,2015.02.19,3,1,1
453,453,2015.02.19_07.33.16.wav,2015.02.19,1,1,1
454,454,2015.02.19_07.33.16.wav,2015.02.19,1,1,1
455,455,2015.02.19_07.33.16.wav,2015.02.19,1,1,1
456,456,2015.02.19_07.33.16.wav,2015.02.19,1,1,1
457,457,2015.02.19_07.33.16.wav,2015.02.19,3,1,1
458,458,2015.02.19_07.33.16.wav,2015.02.19,2,1,1
459,459,2015.02.19_07.33.16.wav,2015.02.19,0,0,0
460,460,2015.02.19_07.33.16.wav,2015.02.19,0,0,0
461,461,2015.02.19_07.33.16.wav,2015.02.19,0,0,0
462,462,2015.02.19_07.33.16.wav,2015.02.19,0,0,0
463,463,2015.02.19_07.33.16.wav,2015.02.19,0,0,0
464,464,2015.02.19_07.33.16.wav,2015.02.19,0,0,0
465,465,2015.02.19_07.48.20.wav,2015.02.19,0,0,0
466,466,2015.02.19_07.48.20.wav,2015.02.19,1,1,1
467,467,2015.02.19_07.48.20.wav,2015.02.19,1,1,1
468,468,2015.02.19_07.48.20.wav,2015.02.19,1,1,1
469,469,2015.02.19_07.48.20.wav,2015.02.19,1,1,1
470,470,2015.02.19_07.48.20.wav,2015.02.19,0,0,0
471,471,2015.02.19_07.48.20.wav,2015.02.19,0,0,0
472,472,2015.02.19_07.48.20.wav,2015.02.19,0,0,0
473,473,2015.02.19_07.48.20.wav,2015.02.19,0,0,0
474,474,2015.02.19_07.48.20.wav,2015.02.19,1,1,1
475,475,2015.02.19_07.48.20.wav,2015.02.19,1,1,1
476,476,2015.02.19_07.48.20.wav,2015.02.19,1,1,1
477,477,2015.02.19_07.48.20.wav,2015.02.19,0,0,0
478,478,2015.02.19_07.48.20.wav,2015.02.19,0,0,0
479,479,2015.02.19_07.48.20.wav,2015.02.19,0,0,0
480,480,2015.02.19_08.03.22.wav,2015.02.19,0,0,0
481,481,2015.02.19_08.03.22.wav,2015.02.19,0,0,0
482,482,2015.02.19_08.03.22.wav,2015.02.19,0,0,0
483,483,2015.02.19_08.03.22.wav,2015.02.19,0,0,0
484,484,2015.02.19_08.03.22.wav,2015.02.19,0,0,0
485,485,2015.02.19_08.03.22.wav,2015.02.19,0,0,0
486,486,2015.02.19_08.03.22.wav,2015.02.19,0,0,0
487,487,2015.02.19_08.03.22.wav,2015.02.19,0,0,0
488,488,2015.02.19_08.03.22.wav,2015.02.19,0,0,0
489,489,2015.02.19_08.03.22.wav,2015.02.19,0,0,0
490,490,2015.02.19_08.03.22.wav,2015.02.19,0,0,0
491,491,2015.02.19_08.03.22.wav,2015.02.19,0,0,0
492,492,2015.02.19_08.03.22.wav,2015.02.19,0,0,0
493,493,2015.02.19_08.03.22.wav,2015.02.19,0,0,0
494,494,2015.02.19_08.03.22.wav,2015.02.19,0,0,0
495,495,2015.02.19_08.18.26.wav,2015.02.19,0,0,0
496,496,2015.02.19_08.18.26.wav,2015.02.19,0,0,0
497,497,2015.02.19_08.18.26.wav,2015.02.19,0,0,0
498,498,2015.02.19_08.18.26.wav,2015.02.19,0,0,0
499,499,2015.02.19_08.18.26.wav,2015.02.19,0,0,0
500,500,2015.02.19_08.18.26.wav,2015.02.19,1,1,1
501,501,2015.02.19_08.18.26.wav,2015.02.19,3,1,1
502,502,2015.02.19_08.18.26.wav,2015.02.19,5,1,1
503,503,2015.02.19_08.18.26.wav,2015.02.19,6,1,1
504,504,2015.02.19_08.18.26.wav,2015.02.19,5,1,1
505,505,2015.02.19_08.18.26.wav,2015.02.19,4,1,1
506,506,2015.02.19_08.18.26.wav,2015.02.19,3,1,1
507,507,2015.02.19_08.18.26.wav,2015.02.19,7,1,1
508,508,2015.02.19_08.18.26.wav,2015.02.19,3,1,1
509,509,2015.02.19_08.18.26.wav,2015.02.19,4,1,1
510,510,2015.02.19_08.33.29.wav,2015.02.19,5,1,1
511,511,2015.02.19_08.33.29.wav,2015.02.19,4,1,1
512,512,2015.02.19_08.33.29.wav,2015.02.19,1,1,1
513,513,2015.02.19_08.33.29.wav,2015.02.19,0,0,0
514,514,2015.02.19_08.33.29.wav,2015.02.19,1,1,1
515,515,2015.02.19_08.33.29.wav,2015.02.19,0,0,0
516,516,2015.02.19_08.33.29.wav,2015.02.19,0,0,0
517,517,2015.02.19_08.33.29.wav,2015.02.19,1,1,1
518,518,2015.02.19_08.33.29.wav,2015.02.19,0,0,0
519,519,2015.02.19_08.33.29.wav,2015.02.19,0,0,0
520,520,2015.02.19_08.33.29.wav,2015.02.19,0,0,0
521,521,2015.02.19_08.33.29.wav,2015.02.19,0,0,0
522,522,2015.02.19_08.33.29.wav,2015.02.19,1,1,1
523,523,2015.02.19_08.33.29.wav,2015.02.19,1,1,1
524,524,2015.02.19_08.33.29.wav,2015.02.19,1,1,1
525,525,2015.02.19_08.48.33.wav,2015.02.19,1,1,1
526,526,2015.02.19_08.48.33.wav,2015.02.19,1,1,1
527,527,2015.02.19_08.48.33.wav,2015.02.19,2,1,1
528,528,2015.02.19_08.48.33.wav,2015.02.19,2,1,1
529,529,2015.02.19_08.48.33.wav,2015.02.19,1,1,1
530,530,2015.02.19_08.48.33.wav,2015.02.19,1,1,1
531,531,2015.02.19_08.48.33.wav,2015.02.19,1,1,1
532,532,2015.02.19_08.48.33.wav,2015.02.19,1,1,1
533,533,2015.02.19_08.48.33.wav,2015.02.19,3,1,1
534,534,2015.02.19_08.48.33.wav,2015.02.19,3,1,1
535,535,2015.02.19_08.48.33.wav,2015.02.19,4,1,1
536,536,2015.02.19_08.48.33.wav,2015.02.19,3,1,1
537,537,2015.02.19_08.48.33.wav,2015.02.19,5,1,1
538,538,2015.02.19_08.48.33.wav,2015.02.19,6,1,1
539,539,2015.02.19_08.48.33.wav,2015.02.19,5,1,1
540,540,2015.02.19_09.03.37.wav,2015.02.19,2,1,1
541,541,2015.02.19_09.03.37.wav,2015.02.19,3,1,1
542,542,2015.02.19_09.03.37.wav,2015.02.19,3,1,1
543,543,2015.02.19_09.03.37.wav,2015.02.19,6,1,1
544,544,2015.02.19_09.03.37.wav,2015.02.19,5,1,1
545,545,2015.02.19_09.03.37.wav,2015.02.19,2,1,1
546,546,2015.02.19_09.03.37.wav,2015.02.19,1,1,1
547,547,2015.02.19_09.03.37.wav,2015.02.19,1,1,1
548,548,2015.02.19_09.03.37.wav,2015.02.19,0,0,0
549,549,2015.02.19_09.03.37.wav,2015.02.19,0,0,0
550,550,2015.02.19_09.03.37.wav,2015.02.19,0,0,0
551,551,2015.02.19_09.03.37.wav,2015.02.19,0,0,0
552,552,2015.02.19_09.03.37.wav,2015.02.19,0,0,0
553,553,2015.02.19_09.03.37.wav,2015.02.19,0,0,0
554,554,2015.02.19_09.03.37.wav,2015.02.19,0,0,0
555,555,2015.02.19_09.18.41.wav,2015.02.19,0,0,0
556,556,2015.02.19_09.18.41.wav,2015.02.19,0,0,0
557,557,2015.02.19_09.18.41.wav,2015.02.19,0,0,0
558,558,2015.02.19_09.18.41.wav,2015.02.19,0,0,0
559,559,2015.02.19_09.18.41.wav,2015.02.19,1,1,1
560,560,2015.02.19_09.18.41.wav,2015.02.19,2,1,1
561,561,2015.02.19_09.18.41.wav,2015.02.19,2,1,1
562,562,2015.02.19_09.18.41.wav,2015.02.19,2,1,1
563,563,2015.02.19_09.18.41.wav,2015.02.19,0,0,0
564,564,2015.02.19_09.18.41.wav,2015.02.19,3,1,1
565,565,2015.02.19_09.18.41.wav,2015.02.19,0,0,0
566,566,2015.02.19_09.18.41.wav,2015.02.19,0,0,0
567,567,2015.02.19_09.18.41.wav,2015.02.19,0,0,0
568,568,2015.02.19_09.18.41.wav,2015.02.19,0,0,0
569,569,2015.02.19_09.18.41.wav,2015.02.19,0,0,0
570,570,2015.02.19_09.33.46.wav,2015.02.19,0,0,0
571,571,2015.02.19_09.33.46.wav,2015.02.19,0,0,0
572,572,2015.02.19_09.33.46.wav,2015.02.19,0,0,0
573,573,2015.02.19_09.33.46.wav,2015.02.19,0,0,0
574,574,2015.02.19_09.33.46.wav,2015.02.19,0,0,0
575,575,2015.02.19_09.33.46.wav,2015.02.19,0,0,0
576,576,2015.02.19_09.33.46.wav,2015.02.19,0,0,0
577,577,2015.02.19_09.33.46.wav,2015.02.19,0,0,0
578,578,2015.02.19_09.33.46.wav,2015.02.19,0,0,0
579,579,2015.02.19_09.33.46.wav,2015.02.19,0,0,0
580,580,2015.02.19_09.33.46.wav,2015.02.19,0,0,0
581,581,2015.02.19_09.33.46.wav,2015.02.19,0,0,0
582,582,2015.02.19_09.33.46.wav,2015.02.19,0,0,0
583,583,2015.02.19_09.33.46.wav,2015.02.19,0,0,0
584,584,2015.02.19_09.33.46.wav,2015.02.19,0,0,0
585,585,2015.02.19_09.48.48.wav,2015.02.19,0,0,0
586,586,2015.02.19_09.48.48.wav,2015.02.19,2,1,1
587,587,2015.02.19_09.48.48.wav,2015.02.19,0,0,0
588,588,2015.02.19_09.48.48.wav,2015.02.19,0,0,0
589,589,2015.02.19_09.48.48.wav,2015.02.19,0,0,0
590,590,2015.02.19_09.48.48.wav,2015.02.19,2,1,1
591,591,2015.02.19_09.48.48.wav,2015.02.19,2,1,1
592,592,2015.02.19_09.48.48.wav,2015.02.19,1,1,1
593,593,2015.02.19_09.48.48.wav,2015.02.19,1,1,1
594,594,2015.02.19_09.48.48.wav,2015.02.19,2,1,1
595,595,2015.02.19_09.48.48.wav,2015.02.19,1,1,1
596,596,2015.02.19_09.48.48.wav,2015.02.19,0,0,0
597,597,2015.02.19_09.48.48.wav,2015.02.19,0,0,0
598,598,2015.02.19_09.48.48.wav,2015.02.19,0,0,0
599,599,2015.02.19_09.48.48.wav,2015.02.19,0,0,0
600,600,2015.02.19_10.03.52.wav,2015.02.19,0,0,0
601,601,2015.02.19_10.03.52.wav,2015.02.19,0,0,0
602,602,2015.02.19_10.03.52.wav,2015.02.19,0,0,0
603,603,2015.02.19_10.03.52.wav,2015.02.19,0,0,0
604,604,2015.02.19_10.03.52.wav,2015.02.19,0,0,0
605,605,2015.02.19_10.03.52.wav,2015.02.19,0,0,0
606,606,2015.02.19_10.03.52.wav,2015.02.19,1,1,1
607,607,2015.02.19_10.03.52.wav,2015.02.19,1,1,1
608,608,2015.02.19_10.03.52.wav,2015.02.19,1,1,1
609,609,2015.02.19_10.03.52.wav,2015.02.19,0,0,0
610,610,2015.02.19_10.03.52.wav,2015.02.19,0,0,0
611,611,2015.02.19_10.03.52.wav,2015.02.19,1,1,1
612,612,2015.02.19_10.03.52.wav,2015.02.19,0,0,0
613,613,2015.02.19_10.03.52.wav,2015.02.19,1,1,1
614,614,2015.02.19_10.03.52.wav,2015.02.19,1,1,1
615,615,2015.02.19_10.18.56.wav,2015.02.19,4,1,1
616,616,2015.02.19_10.18.56.wav,2015.02.19,7,1,1
617,617,2015.02.19_10.18.56.wav,2015.02.19,3,1,1
618,618,2015.02.19_10.18.56.wav,2015.02.19,6,1,1
619,619,2015.02.19_10.18.56.wav,2015.02.19,6,1,1
620,620,2015.02.19_10.18.56.wav,2015.02.19,7,1,1
621,621,2015.02.19_10.18.56.wav,2015.02.19,5,1,1
622,622,2015.02.19_10.18.56.wav,2015.02.19,5,1,1
623,623,2015.02.19_10.18.56.wav,2015.02.19,4,1,1
624,624,2015.02.19_10.18.56.wav,2015.02.19,4,1,1
625,625,2015.02.19_10.18.56.wav,2015.02.19,2,1,1
626,626,2015.02.19_10.18.56.wav,2015.02.19,3,1,1
627,627,2015.02.19_10.18.56.wav,2015.02.19,0,0,0
628,628,2015.02.19_10.18.56.wav,2015.02.19,0,0,0
629,629,2015.02.19_10.18.56.wav,2015.02.19,0,0,0
630,630,2015.02.19_10.34.00.wav,2015.02.19,0,0,0
631,631,2015.02.19_10.34.00.wav,2015.02.19,0,0,0
632,632,2015.02.19_10.34.00.wav,2015.02.19,0,0,0
633,633,2015.02.19_10.34.00.wav,2015.02.19,0,0,0
634,634,2015.02.19_10.34.00.wav,2015.02.19,0,0,0
635,635,2015.02.19_10.34.00.wav,2015.02.19,0,0,0
636,636,2015.02.19_10.34.00.wav,2015.02.19,0,0,0
637,637,2015.02.19_10.34.00.wav,2015.02.19,0,0,0
638,638,2015.02.19_10.34.00.wav,2015.02.19,0,0,0
639,639,2015.02.19_10.34.00.wav,2015.02.19,1,1,1
640,640,2015.02.19_10.34.00.wav,2015.02.19,1,1,1
641,641,2015.02.19_10.34.00.wav,2015.02.19,0,0,0
642,642,2015.02.19_10.34.00.wav,2015.02.19,0,0,0
643,643,2015.02.19_10.34.00.wav,2015.02.19,0,0,0
644,644,2015.02.19_10.34.00.wav,2015.02.19,0,0,0
645,645,2015.02.19_10.49.04.wav,2015.02.19,0,0,0
646,646,2015.02.19_10.49.04.wav,2015.02.19,0,0,0
647,647,2015.02.19_10.49.04.wav,2015.02.19,1,1,1
648,648,2015.02.19_10.49.04.wav,2015.02.19,1,1,1
649,649,2015.02.19_10.49.04.wav,2015.02.19,0,0,0
650,650,2015.02.19_10.49.04.wav,2015.02.19,2,1,1
651,651,2015.02.19_10.49.04.wav,2015.02.19,2,1,1
652,652,2015.02.19_10.49.04.wav,2015.02.19,2,1,1
653,653,2015.02.19_10.49.04.wav,2015.02.19,2,1,1
654,654,2015.02.19_10.49.04.wav,2015.02.19,1,1,1
655,655,2015.02.19_10.49.04.wav,2015.02.19,1,1,1
656,656,2015.02.19_10.49.04.wav,2015.02.19,1,1,1
657,657,2015.02.19_10.49.04.wav,2015.02.19,0,0,0
658,658,2015.02.19_10.49.04.wav,2015.02.19,3,1,1
659,659,2015.02.19_10.49.04.wav,2015.02.19,3,1,1
660,660,2015.02.19_11.04.06.wav,2015.02.19,3,1,1
661,661,2015.02.19_11.04.06.wav,2015.02.19,3,1,1
662,662,2015.02.19_11.04.06.wav,2015.02.19,2,1,1
663,663,2015.02.19_11.04.06.wav,2015.02.19,2,1,1
664,664,2015.02.19_11.04.06.wav,2015.02.19,2,1,1
665,665,2015.02.19_11.04.06.wav,2015.02.19,2,1,1
666,666,2015.02.19_11.04.06.wav,2015.02.19,2,1,1
667,667,2015.02.19_11.04.06.wav,2015.02.19,2,1,1
668,668,2015.02.19_11.04.06.wav,2015.02.19,2,1,1
669,669,2015.02.19_11.04.06.wav,2015.02.19,1,1,1
670,670,2015.02.19_11.04.06.wav,2015.02.19,0,0,0
671,671,2015.02.19_11.04.06.wav,2015.02.19,0,0,0
672,672,2015.02.19_11.04.06.wav,2015.02.19,0,0,0
673,673,2015.02.19_11.04.06.wav,2015.02.19,0,0,0
674,674,2015.02.19_11.04.06.wav,2015.02.19,1,1,1
675,675,2015.02.19_11.19.09.wav,2015.02.19,0,0,0
676,676,2015.02.19_11.19.09.wav,2015.02.19,0,0,0
677,677,2015.02.19_11.19.09.wav,2015.02.19,0,0,0
678,678,2015.02.19_11.19.09.wav,2015.02.19,0,0,0
679,679,2015.02.19_11.19.09.wav,2015.02.19,0,0,0
680,680,2015.02.19_11.19.09.wav,2015.02.19,0,0,0
681,681,2015.02.19_11.19.09.wav,2015.02.19,0,0,0
682,682,2015.02.19_11.19.09.wav,2015.02.19,0,0,0
683,683,2015.02.19_11.19.09.wav,2015.02.19,0,0,0
684,684,2015.02.19_11.19.09.wav,2015.02.19,0,0,0
685,685,2015.02.19_11.19.09.wav,2015.02.19,0,0,0
686,686,2015.02.19_11.19.09.wav,2015.02.19,0,0,0
687,687,2015.02.19_11.19.09.wav,2015.02.19,0,0,0
688,688,2015.02.19_11.19.09.wav,2015.02.19,0,0,0
689,689,2015.02.19_11.19.09.wav,2015.02.19,0,0,0
690,690,2015.02.19_11.34.13.wav,2015.02.19,1,1,1
691,691,2015.02.19_11.34.13.wav,2015.02.19,2,1,1
692,692,2015.02.19_11.34.13.wav,2015.02.19,2,1,1
693,693,2015.02.19_11.34.13.wav,2015.02.19,2,1,1
694,694,2015.02.19_11.34.13.wav,2015.02.19,4,1,1
695,695,2015.02.19_11.34.13.wav,2015.02.19,5,1,1
696,696,2015.02.19_11.34.13.wav,2015.02.19,5,1,1
697,697,2015.02.19_11.34.13.wav,2015.02.19,4,1,1
698,698,2015.02.19_11.34.13.wav,2015.02.19,5,1,1
699,699,2015.02.19_11.34.13.wav,2015.02.19,5,1,1
700,700,2015.02.19_11.34.13.wav,2015.02.19,8,1,1
701,701,2015.02.19_11.34.13.wav,2015.02.19,6,1,1
702,702,2015.02.19_11.34.13.wav,2015.02.19,6,1,1
703,703,2015.02.19_11.34.13.wav,2015.02.19,5,1,1
704,704,2015.02.19_11.34.13.wav,2015.02.19,3,1,1
705,705,2015.02.19_11.49.15.wav,2015.02.19,5,1,1
706,706,2015.02.19_11.49.15.wav,2015.02.19,2,1,1
707,707,2015.02.19_11.49.15.wav,2015.02.19,5,1,1
708,708,2015.02.19_11.49.15.wav,2015.02.19,10,1,1
709,709,2015.02.19_11.49.15.wav,2015.02.19,7,1,1
710,710,2015.02.19_11.49.15.wav,2015.02.19,7,1,1
711,711,2015.02.19_11.49.15.wav,2015.02.19,6,1,1
712,712,2015.02.19_11.49.15.wav,2015.02.19,11,1,1
713,713,2015.02.19_11.49.15.wav,2015.02.19,11,1,1
714,714,2015.02.19_11.49.15.wav,2015.02.19,7,1,1
715,715,2015.02.19_11.49.15.wav,2015.02.19,5,1,1
716,716,2015.02.19_11.49.15.wav,2015.02.19,4,1,1
717,717,2015.02.19_11.49.15.wav,2015.02.19,3,1,1
718,718,2015.02.19_11.49.15.wav,2015.02.19,5,1,1
719,719,2015.02.19_11.49.15.wav,2015.02.19,3,1,1
720,720,2015.02.19_12.04.19.wav,2015.02.19,3,1,1
721,721,2015.02.19_12.04.19.wav,2015.02.19,2,1,1
722,722,2015.02.19_12.04.19.wav,2015.02.19,2,1,1
723,723,2015.02.19_12.04.19.wav,2015.02.19,1,1,1
724,724,2015.02.19_12.04.19.wav,2015.02.19,1,1,1
725,725,2015.02.19_12.04.19.wav,2015.02.19,1,1,1
726,726,2015.02.19_12.04.19.wav,2015.02.19,2,1,1
727,727,2015.02.19_12.04.19.wav,2015.02.19,2,1,1
728,728,2015.02.19_12.04.19.wav,2015.02.19,1,1,1
729,729,2015.02.19_12.04.19.wav,2015.02.19,0,0,0
730,730,2015.02.19_12.04.19.wav,2015.02.19,0,0,0
731,731,2015.02.19_12.04.19.wav,2015.02.19,1,1,1
732,732,2015.02.19_12.04.19.wav,2015.02.19,0,0,0
733,733,2015.02.19_12.04.19.wav,2015.02.19,0,0,0
734,734,2015.02.19_12.04.19.wav,2015.02.19,0,0,0
735,735,2015.02.19_12.19.23.wav,2015.02.19,0,0,0
736,736,2015.02.19_12.19.23.wav,2015.02.19,0,0,0
737,737,2015.02.19_12.19.23.wav,2015.02.19,0,0,0
738,738,2015.02.19_12.19.23.wav,2015.02.19,0,0,0
739,739,2015.02.19_12.19.23.wav,2015.02.19,0,0,0
740,740,2015.02.19_12.19.23.wav,2015.02.19,0,0,0
741,741,2015.02.19_12.19.23.wav,2015.02.19,0,0,0
742,742,2015.02.19_12.19.23.wav,2015.02.19,0,0,0
743,743,2015.02.19_12.19.23.wav,2015.02.19,0,0,0
744,744,2015.02.19_12.19.23.wav,2015.02.19,0,0,0
745,745,2015.02.19_12.19.23.wav,2015.02.19,1,1,1
746,746,2015.02.19_12.19.23.wav,2015.02.19,2,1,1
747,747,2015.02.19_12.19.23.wav,2015.02.19,2,1,1
748,748,2015.02.19_12.19.23.wav,2015.02.19,4,1,1
749,749,2015.02.19_12.19.23.wav,2015.02.19,1,1,1
750,750,2015.02.19_12.34.25.wav,2015.02.19,2,1,1
751,751,2015.02.19_12.34.25.wav,2015.02.19,3,1,1
752,752,2015.02.19_12.34.25.wav,2015.02.19,2,1,1
753,753,2015.02.19_12.34.25.wav,2015.02.19,3,1,1
754,754,2015.02.19_12.34.25.wav,2015.02.19,2,1,1
755,755,2015.02.19_12.34.25.wav,2015.02.19,2,1,1
756,756,2015.02.19_12.34.25.wav,2015.02.19,3,1,1
757,757,2015.02.19_12.34.25.wav,2015.02.19,6,1,1
758,758,2015.02.19_12.34.25.wav,2015.02.19,8,1,1
759,759,2015.02.19_12.34.25.wav,2015.02.19,7,1,1
760,760,2015.02.19_12.34.25.wav,2015.02.19,9,1,1
761,761,2015.02.19_12.34.25.wav,2015.02.19,6,1,1
762,762,2015.02.19_12.34.25.wav,2015.02.19,8,1,1
763,763,2015.02.19_12.34.25.wav,2015.02.19,6,1,1
764,764,2015.02.19_12.34.25.wav,2015.02.19,5,1,1
765,765,2015.02.19_12.49.29.wav,2015.02.19,3,1,1
766,766,2015.02.19_12.49.29.wav,2015.02.19,4,1,1
767,767,2015.02.19_12.49.29.wav,2015.02.19,4,1,1
768,768,2015.02.19_12.49.29.wav,2015.02.19,2,1,1
769,769,2015.02.19_12.49.29.wav,2015.02.19,2,1,1
770,770,2015.02.19_12.49.29.wav,2015.02.19,6,1,1
771,771,2015.02.19_12.49.29.wav,2015.02.19,3,1,1
772,772,2015.02.19_12.49.29.wav,2015.02.19,3,1,1
773,773,2015.02.19_12.49.29.wav,2015.02.19,7,1,1
774,774,2015.02.19_12.49.29.wav,2015.02.19,3,1,1
775,775,2015.02.19_12.49.29.wav,2015.02.19,1,1,1
776,776,2015.02.19_12.49.29.wav,2015.02.19,3,1,1
777,777,2015.02.19_12.49.29.wav,2015.02.19,2,1,1
778,778,2015.02.19_12.49.29.wav,2015.02.19,2,1,1
779,779,2015.02.19_12.49.29.wav,2015.02.19,2,1,1
780,780,2015.02.19_13.04.31.wav,2015.02.19,2,1,1
781,781,2015.02.19_13.04.31.wav,2015.02.19,2,1,1
782,782,2015.02.19_13.04.31.wav,2015.02.19,1,1,1
783,783,2015.02.19_13.04.31.wav,2015.02.19,1,1,1
784,784,2015.02.19_13.04.31.wav,2015.02.19,0,0,0
785,785,2015.02.19_13.04.31.wav,2015.02.19,0,0,0
786,786,2015.02.19_13.04.31.wav,2015.02.19,1,1,1
787,787,2015.02.19_13.04.31.wav,2015.02.19,2,1,1
788,788,2015.02.19_13.04.31.wav,2015.02.19,3,1,1
789,789,2015.02.19_13.04.31.wav,2015.02.19,3,1,1
790,790,2015.02.19_13.04.31.wav,2015.02.19,3,1,1
791,791,2015.02.19_13.04.31.wav,2015.02.19,5,1,1
792,792,2015.02.19_13.04.31.wav,2015.02.19,2,1,1
793,793,2015.02.19_13.04.31.wav,2015.02.19,2,1,1
794,794,2015.02.19_13.04.31.wav,2015.02.19,3,1,1
795,795,2015.02.19_13.19.34.wav,2015.02.19,2,1,0
796,796,2015.02.19_13.19.34.wav,2015.02.19,5,1,0
797,797,2015.02.19_13.19.34.wav,2015.02.19,3,1,0
798,798,2015.02.19_13.19.34.wav,2015.02.19,5,1,0
799,799,2015.02.19_13.19.34.wav,2015.02.19,7,1,0
800,800,2015.02.19_13.19.34.wav,2015.02.19,5,1,0
801,801,2015.02.19_13.19.34.wav,2015.02.19,4,1,0
802,802,2015.02.19_13.19.34.wav,2015.02.19,5,1,0
803,803,2015.02.19_13.19.34.wav,2015.02.19,4,1,0
804,804,2015.02.19_13.19.34.wav,2015.02.19,4,1,0
805,805,2015.02.19_13.19.34.wav,2015.02.19,1,1,0
806,806,2015.02.19_13.19.34.wav,2015.02.19,0,0,0
807,807,2015.02.19_13.19.34.wav,2015.02.19,0,0,0
808,808,2015.02.19_13.19.34.wav,2015.02.19,0,0,0
809,809,2015.02.19_13.19.34.wav,2015.02.19,0,0,0
810,810,2015.02.19_13.34.37.wav,2015.02.19,0,0,0
811,811,2015.02.19_13.34.37.wav,2015.02.19,0,0,0
812,812,2015.02.19_13.34.37.wav,2015.02.19,0,0,0
813,813,2015.02.19_13.34.37.wav,2015.02.19,0,0,0
814,814,2015.02.19_13.34.37.wav,2015.02.19,2,1,1
815,815,2015.02.19_13.34.37.wav,2015.02.19,3,1,1
816,816,2015.02.19_13.34.37.wav,2015.02.19,3,1,1
817,817,2015.02.19_13.34.37.wav,2015.02.19,2,1,1
818,818,2015.02.19_13.34.37.wav,2015.02.19,4,1,1
819,819,2015.02.19_13.34.37.wav,2015.02.19,6,1,1
820,820,2015.02.19_13.34.37.wav,2015.02.19,10,1,1
821,821,2015.02.19_13.34.37.wav,2015.02.19,12,1,1
822,822,2015.02.19_13.34.37.wav,2015.02.19,12,1,1
823,823,2015.02.19_13.34.37.wav,2015.02.19,7,1,1
824,824,2015.02.19_13.34.37.wav,2015.02.19,7,1,1
825,825,2015.02.19_13.49.40.wav,2015.02.19,8,1,1
826,826,2015.02.19_13.49.40.wav,2015.02.19,7,1,1
827,827,2015.02.19_13.49.40.wav,2015.02.19,6,1,1
828,828,2015.02.19_13.49.40.wav,2015.02.19,4,1,1
829,829,2015.02.19_13.49.40.wav,2015.02.19,2,1,1
830,830,2015.02.19_13.49.40.wav,2015.02.19,0,0,0
831,831,2015.02.19_13.49.40.wav,2015.02.19,2,1,1
832,832,2015.02.19_13.49.40.wav,2015.02.19,0,0,0
833,833,2015.02.19_13.49.40.wav,2015.02.19,1,1,1
834,834,2015.02.19_13.49.40.wav,2015.02.19,0,0,0
835,835,2015.02.19_13.49.40.wav,2015.02.19,0,0,0
836,836,2015.02.19_13.49.40.wav,2015.02.19,2,1,1
837,837,2015.02.19_13.49.40.wav,2015.02.19,1,1,1
838,838,2015.02.19_13.49.40.wav,2015.02.19,2,1,1
839,839,2015.02.19_13.49.40.wav,2015.02.19,2,1,1
840,840,2015.02.19_14.04.44.wav,2015.02.19,1,1,1
841,841,2015.02.19_14.04.44.wav,2015.02.19,1,1,1
842,842,2015.02.19_14.04.44.wav,2015.02.19,2,1,1
843,843,2015.02.19_14.04.44.wav,2015.02.19,2,1,1
844,844,2015.02.19_14.04.44.wav,2015.02.19,2,1,1
845,845,2015.02.19_14.04.44.wav,2015.02.19,4,1,1
846,846,2015.02.19_14.04.44.wav,2015.02.19,2,1,1
847,847,2015.02.19_14.04.44.wav,2015.02.19,1,1,1
848,848,2015.02.19_14.04.44.wav,2015.02.19,2,1,1
849,849,2015.02.19_14.04.44.wav,2015.02.19,0,0,0
850,850,2015.02.19_14.04.44.wav,2015.02.19,2,1,1
851,851,2015.02.19_14.04.44.wav,2015.02.19,3,1,1
852,852,2015.02.19_14.04.44.wav,2015.02.19,2,1,1
853,853,2015.02.19_14.04.44.wav,2015.02.19,2,1,1
854,854,2015.02.19_14.04.44.wav,2015.02.19,2,1,1
855,855,2015.02.19_14.19.47.wav,2015.02.19,2,1,1
856,856,2015.02.19_14.19.47.wav,2015.02.19,1,1,1
857,857,2015.02.19_14.19.47.wav,2015.02.19,2,1,1
858,858,2015.02.19_14.19.47.wav,2015.02.19,2,1,1
859,859,2015.02.19_14.19.47.wav,2015.02.19,4,1,1
860,860,2015.02.19_14.19.47.wav,2015.02.19,4,1,1
861,861,2015.02.19_14.19.47.wav,2015.02.19,1,1,1
862,862,2015.02.19_14.19.47.wav,2015.02.19,2,1,1
863,863,2015.02.19_14.19.47.wav,2015.02.19,1,1,1
864,864,2015.02.19_14.19.47.wav,2015.02.19,2,1,1
865,865,2015.02.19_14.19.47.wav,2015.02.19,3,1,1
866,866,2015.02.19_14.19.47.wav,2015.02.19,3,1,1
867,867,2015.02.19_14.19.47.wav,2015.02.19,3,1,1
868,868,2015.02.19_14.19.47.wav,2015.02.19,3,1,1
869,869,2015.02.19_14.19.47.wav,2015.02.19,3,1,1
870,870,2015.02.19_14.34.50.wav,2015.02.19,5,1,1
871,871,2015.02.19_14.34.50.wav,2015.02.19,4,1,1
872,872,2015.02.19_14.34.50.wav,2015.02.19,4,1,1
873,873,2015.02.19_14.34.50.wav,2015.02.19,1,1,1
874,874,2015.02.19_14.34.50.wav,2015.02.19,4,1,1
875,875,2015.02.19_14.34.50.wav,2015.02.19,2,1,1
876,876,2015.02.19_14.34.50.wav,2015.02.19,3,1,1
877,877,2015.02.19_14.34.50.wav,2015.02.19,4,1,1
878,878,2015.02.19_14.34.50.wav,2015.02.19,2,1,1
879,879,2015.02.19_14.34.50.wav,2015.02.19,4,1,1
880,880,2015.02.19_14.34.50.wav,2015.02.19,2,1,1
881,881,2015.02.19_14.34.50.wav,2015.02.19,2,1,1
882,882,2015.02.19_14.34.50.wav,2015.02.19,2,1,1
883,883,2015.02.19_14.34.50.wav,2015.02.19,4,1,1
884,884,2015.02.19_14.34.50.wav,2015.02.19,2,1,1
885,885,2015.02.19_14.49.55.wav,2015.02.19,1,1,1
886,886,2015.02.19_14.49.55.wav,2015.02.19,1,1,1
887,887,2015.02.19_14.49.55.wav,2015.02.19,0,0,0
888,888,2015.02.19_14.49.55.wav,2015.02.19,0,0,0
889,889,2015.02.19_14.49.55.wav,2015.02.19,0,0,0
890,890,2015.02.19_14.49.55.wav,2015.02.19,0,0,0
891,891,2015.02.19_14.49.55.wav,2015.02.19,1,1,1
892,892,2015.02.19_14.49.55.wav,2015.02.19,0,0,0
893,893,2015.02.19_14.49.55.wav,2015.02.19,1,1,1
894,894,2015.02.19_14.49.55.wav,2015.02.19,1,1,1
895,895,2015.02.19_14.49.55.wav,2015.02.19,1,1,1
896,896,2015.02.19_14.49.55.wav,2015.02.19,0,0,0
897,897,2015.02.19_14.49.55.wav,2015.02.19,0,0,0
898,898,2015.02.19_14.49.55.wav,2015.02.19,0,0,0
899,899,2015.02.19_14.49.55.wav,2015.02.19,0,0,0
900,900,2015.02.19_15.04.56.wav,2015.02.19,0,0,0
901,901,2015.02.19_15.04.56.wav,2015.02.19,0,0,0
902,902,2015.02.19_15.04.56.wav,2015.02.19,0,0,0
903,903,2015.02.19_15.04.56.wav,2015.02.19,0,0,0
904,904,2015.02.19_15.04.56.wav,2015.02.19,0,0,0
905,905,2015.02.19_15.04.56.wav,2015.02.19,0,0,0
906,906,2015.02.19_15.04.56.wav,2015.02.19,0,0,0
907,907,2015.02.19_15.04.56.wav,2015.02.19,0,0,0
908,908,2015.02.19_15.04.56.wav,2015.02.19,0,0,0
909,909,2015.02.19_15.04.56.wav,2015.02.19,0,0,0
910,910,2015.02.19_15.04.56.wav,2015.02.19,0,0,0
911,911,2015.02.19_15.04.56.wav,2015.02.19,0,0,0
912,912,2015.02.19_15.04.56.wav,2015.02.19,0,0,0
913,913,2015.02.19_15.04.56.wav,2015.02.19,0,0,0
914,914,2015.02.19_15.04.56.wav,2015.02.19,0,0,0
915,915,2015.02.19_15.20.01.wav,2015.02.19,0,0,0
916,916,2015.02.19_15.20.01.wav,2015.02.19,0,0,0
917,917,2015.02.19_15.20.01.wav,2015.02.19,0,0,0
918,918,2015.02.19_15.20.01.wav,2015.02.19,0,0,0
919,919,2015.02.19_15.20.01.wav,2015.02.19,0,0,0
920,920,2015.02.19_15.20.01.wav,2015.02.19,0,0,0
921,921,2015.02.19_15.20.01.wav,2015.02.19,0,0,0
922,922,2015.02.19_15.20.01.wav,2015.02.19,0,0,0
923,923,2015.02.19_15.20.01.wav,2015.02.19,1,1,1
924,924,2015.02.19_15.20.01.wav,2015.02.19,1,1,1
925,925,2015.02.19_15.20.01.wav,2015.02.19,0,0,0
926,926,2015.02.19_15.20.01.wav,2015.02.19,0,0,0
927,927,2015.02.19_15.20.01.wav,2015.02.19,0,0,0
928,928,2015.02.19_15.20.01.wav,2015.02.19,0,0,0
929,929,2015.02.19_15.20.01.wav,2015.02.19,0,0,0
930,930,2015.02.19_15.35.05.wav,2015.02.19,0,0,0
931,931,2015.02.19_15.35.05.wav,2015.02.19,0,0,0
932,932,2015.02.19_15.35.05.wav,2015.02.19,0,0,0
933,933,2015.02.19_15.35.05.wav,2015.02.19,0,0,0
934,934,2015.02.19_15.35.05.wav,2015.02.19,0,0,0
935,935,2015.02.19_15.35.05.wav,2015.02.19,0,0,0
936,936,2015.02.19_15.35.05.wav,2015.02.19,1,1,1
937,937,2015.02.19_15.35.05.wav,2015.02.19,0,0,0
938,938,2015.02.19_15.35.05.wav,2015.02.19,0,0,0
939,939,2015.02.19_15.35.05.wav,2015.02.19,0,0,0
940,940,2015.02.19_15.35.05.wav,2015.02.19,1,1,1
941,941,2015.02.19_15.35.05.wav,2015.02.19,0,0,0
942,942,2015.02.19_15.35.05.wav,2015.02.19,0,0,0
943,943,2015.02.19_15.35.05.wav,2015.02.19,0,0,0
944,944,2015.02.19_15.35.05.wav,2015.02.19,0,0,0
945,945,2015.02.19_15.50.09.wav,2015.02.19,0,0,0
946,946,2015.02.19_15.50.09.wav,2015.02.19,0,0,0
947,947,2015.02.19_15.50.09.wav,2015.02.19,1,1,1
948,948,2015.02.19_15.50.09.wav,2015.02.19,1,1,1
949,949,2015.02.19_15.50.09.wav,2015.02.19,0,0,0
950,950,2015.02.19_15.50.09.wav,2015.02.19,1,1,1
951,951,2015.02.19_15.50.09.wav,2015.02.19,1,1,1
952,952,2015.02.19_15.50.09.wav,2015.02.19,1,1,1
953,953,2015.02.19_15.50.09.wav,2015.02.19,2,1,1
954,954,2015.02.19_15.50.09.wav,2015.02.19,2,1,1
955,955,2015.02.19_15.50.09.wav,2015.02.19,3,1,1
956,956,2015.02.19_15.50.09.wav,2015.02.19,4,1,1
957,957,2015.02.19_15.50.09.wav,2015.02.19,3,1,1
958,958,2015.02.19_15.50.09.wav,2015.02.19,2,1,1
959,959,2015.02.19_15.50.09.wav,2015.02.19,1,1,1
960,960,2015.02.19_16.05.14.wav,2015.02.19,2,1,1
961,961,2015.02.19_16.05.14.wav,2015.02.19,0,0,0
962,962,2015.02.19_16.05.14.wav,2015.02.19,0,0,0
963,963,2015.02.19_16.05.14.wav,2015.02.19,3,1,1
964,964,2015.02.19_16.05.14.wav,2015.02.19,1,1,1
965,965,2015.02.19_16.05.14.wav,2015.02.19,3,1,1
966,966,2015.02.19_16.05.14.wav,2015.02.19,3,1,1
967,967,2015.02.19_16.05.14.wav,2015.02.19,3,1,1
968,968,2015.02.19_16.05.14.wav,2015.02.19,1,1,1
969,969,2015.02.19_16.05.14.wav,2015.02.19,0,0,0
970,970,2015.02.19_16.05.14.wav,2015.02.19,1,1,1
971,971,2015.02.19_16.05.14.wav,2015.02.19,2,1,1
972,972,2015.02.19_16.05.14.wav,2015.02.19,2,1,1
973,973,2015.02.19_16.05.14.wav,2015.02.19,2,1,1
974,974,2015.02.19_16.05.14.wav,2015.02.19,2,1,1
975,975,2015.02.19_16.20.18.wav,2015.02.19,1,1,1
976,976,2015.02.19_16.20.18.wav,2015.02.19,0,0,0
977,977,2015.02.19_16.20.18.wav,2015.02.19,0,0,0
978,978,2015.02.19_16.20.18.wav,2015.02.19,1,1,1
979,979,2015.02.19_16.20.18.wav,2015.02.19,0,0,0
980,980,2015.02.19_16.20.18.wav,2015.02.19,0,0,0
981,981,2015.02.19_16.20.18.wav,2015.02.19,0,0,0
982,982,2015.02.19_16.20.18.wav,2015.02.19,1,1,1
983,983,2015.02.19_16.20.18.wav,2015.02.19,1,1,1
984,984,2015.02.19_16.20.18.wav,2015.02.19,0,0,0
985,985,2015.02.19_16.20.18.wav,2015.02.19,0,0,0
986,986,2015.02.19_16.20.18.wav,2015.02.19,0,0,0
987,987,2015.02.19_16.20.18.wav,2015.02.19,1,1,1
988,988,2015.02.19_16.20.18.wav,2015.02.19,0,0,0
989,989,2015.02.19_16.20.18.wav,2015.02.19,0,0,0
990,990,2015.02.19_16.35.22.wav,2015.02.19,0,0,0
991,991,2015.02.19_16.35.22.wav,2015.02.19,0,0,0
992,992,2015.02.19_16.35.22.wav,2015.02.19,0,0,0
993,993,2015.02.19_16.35.22.wav,2015.02.19,0,0,0
994,994,2015.02.19_16.35.22.wav,2015.02.19,0,0,0
995,995,2015.02.19_16.35.22.wav,2015.02.19,0,0,0
996,996,2015.02.19_16.35.22.wav,2015.02.19,1,1,1
997,997,2015.02.19_16.35.22.wav,2015.02.19,0,0,0
998,998,2015.02.19_16.35.22.wav,2015.02.19,0,0,0
999,999,2015.02.19_16.35.22.wav,2015.02.19,0,0,0
1000,1000,2015.02.19_16.35.22.wav,2015.02.19,1,1,1
1001,1001,2015.02.19_16.35.22.wav,2015.02.19,0,0,0
1002,1002,2015.02.19_16.35.22.wav,2015.02.19,0,0,0
1003,1003,2015.02.19_16.35.22.wav,2015.02.19,0,0,0
1004,1004,2015.02.19_16.35.22.wav,2015.02.19,1,1,1
1005,1005,2015.02.19_16.50.27.wav,2015.02.19,1,1,1
1006,1006,2015.02.19_16.50.27.wav,2015.02.19,1,1,1
1007,1007,2015.02.19_16.50.27.wav,2015.02.19,1,1,1
1008,1008,2015.02.19_16.50.27.wav,2015.02.19,1,1,1
1009,1009,2015.02.19_16.50.27.wav,2015.02.19,2,1,1
1010,1010,2015.02.19_16.50.27.wav,2015.02.19,4,1,1
1011,1011,2015.02.19_16.50.27.wav,2015.02.19,4,1,1
1012,1012,2015.02.19_16.50.27.wav,2015.02.19,3,1,1
1013,1013,2015.02.19_16.50.27.wav,2015.02.19,4,1,1
1014,1014,2015.02.19_16.50.27.wav,2015.02.19,4,1,1
1015,1015,2015.02.19_16.50.27.wav,2015.02.19,5,1,1
1016,1016,2015.02.19_16.50.27.wav,2015.02.19,3,1,1
1017,1017,2015.02.19_16.50.27.wav,2015.02.19,1,1,1
1018,1018,2015.02.19_16.50.27.wav,2015.02.19,3,1,1
1019,1019,2015.02.19_16.50.27.wav,2015.02.19,2,1,1
1020,1020,2015.02.19_17.05.29.wav,2015.02.19,2,1,1
1021,1021,2015.02.19_17.05.29.wav,2015.02.19,3,1,1
1022,1022,2015.02.19_17.05.29.wav,2015.02.19,5,1,1
1023,1023,2015.02.19_17.05.29.wav,2015.02.19,0,0,0
1024,1024,2015.02.19_17.05.29.wav,2015.02.19,1,1,1
1025,1025,2015.02.19_17.05.29.wav,2015.02.19,2,1,1
1026,1026,2015.02.19_17.05.29.wav,2015.02.19,1,1,1
1027,1027,2015.02.19_17.05.29.wav,2015.02.19,3,1,1
1028,1028,2015.02.19_17.05.29.wav,2015.02.19,1,1,1
1029,1029,2015.02.19_17.05.29.wav,2015.02.19,0,0,0
1030,1030,2015.02.19_17.05.29.wav,2015.02.19,0,0,0
1031,1031,2015.02.19_17.05.29.wav,2015.02.19,0,0,0
1032,1032,2015.02.19_17.05.29.wav,2015.02.19,0,0,0
1033,1033,2015.02.19_17.05.29.wav,2015.02.19,0,0,0
1034,1034,2015.02.19_17.05.29.wav,2015.02.19,0,0,0
1035,1035,2015.02.19_17.20.33.wav,2015.02.19,0,0,0
1036,1036,2015.02.19_17.20.33.wav,2015.02.19,0,0,0
1037,1037,2015.02.19_17.20.33.wav,2015.02.19,0,0,0
1038,1038,2015.02.19_17.20.33.wav,2015.02.19,0,0,0
1039,1039,2015.02.19_17.20.33.wav,2015.02.19,0,0,0
1040,1040,2015.02.19_17.20.33.wav,2015.02.19,0,0,0
1041,1041,2015.02.19_17.20.33.wav,2015.02.19,0,0,0
1042,1042,2015.02.19_17.20.33.wav,2015.02.19,0,0,0
1043,1043,2015.02.19_17.20.33.wav,2015.02.19,0,0,0
1044,1044,2015.02.19_17.20.33.wav,2015.02.19,0,0,0
1045,1045,2015.02.19_17.20.33.wav,2015.02.19,0,0,0
1046,1046,2015.02.19_17.20.33.wav,2015.02.19,0,0,0
1047,1047,2015.02.19_17.20.33.wav,2015.02.19,0,0,0
1048,1048,2015.02.19_17.20.33.wav,2015.02.19,0,0,0
1049,1049,2015.02.19_17.20.33.wav,2015.02.19,0,0,0
1050,1050,2015.02.19_17.35.35.wav,2015.02.19,0,0,0
1051,1051,2015.02.19_17.35.35.wav,2015.02.19,0,0,0
1052,1052,2015.02.19_17.35.35.wav,2015.02.19,0,0,0
1053,1053,2015.02.19_17.35.35.wav,2015.02.19,0,0,0
1054,1054,2015.02.19_17.35.35.wav,2015.02.19,0,0,0
1055,1055,2015.02.19_17.35.35.wav,2015.02.19,0,0,0
1056,1056,2015.02.19_17.35.35.wav,2015.02.19,0,0,0
1057,1057,2015.02.19_17.35.35.wav,2015.02.19,0,0,0
1058,1058,2015.02.19_17.35.35.wav,2015.02.19,0,0,0
1059,1059,2015.02.19_17.35.35.wav,2015.02.19,0,0,0
1060,1060,2015.02.19_17.35.35.wav,2015.02.19,0,0,0
1061,1061,2015.02.19_17.35.35.wav,2015.02.19,1,1,1
1062,1062,2015.02.19_17.35.35.wav,2015.02.19,0,0,0
1063,1063,2015.02.19_17.35.35.wav,2015.02.19,1,1,1
1064,1064,2015.02.19_17.35.35.wav,2015.02.19,1,1,1
1065,1065,2015.02.19_17.50.37.wav,2015.02.19,0,0,0
1066,1066,2015.02.19_17.50.37.wav,2015.02.19,1,1,1
1067,1067,2015.02.19_17.50.37.wav,2015.02.19,1,1,1
1068,1068,2015.02.19_17.50.37.wav,2015.02.19,1,1,1
1069,1069,2015.02.19_17.50.37.wav,2015.02.19,0,0,0
1070,1070,2015.02.19_17.50.37.wav,2015.02.19,0,0,0
1071,1071,2015.02.19_17.50.37.wav,2015.02.19,0,0,0
1072,1072,2015.02.19_17.50.37.wav,2015.02.19,2,1,1
1073,1073,2015.02.19_17.50.37.wav,2015.02.19,2,1,1
1074,1074,2015.02.19_17.50.37.wav,2015.02.19,2,1,1
1075,1075,2015.02.19_17.50.37.wav,2015.02.19,2,1,1
1076,1076,2015.02.19_17.50.37.wav,2015.02.19,3,1,1
1077,1077,2015.02.19_17.50.37.wav,2015.02.19,6,1,1
1078,1078,2015.02.19_17.50.37.wav,2015.02.19,3,1,1
1079,1079,2015.02.19_17.50.37.wav,2015.02.19,2,1,1
1080,1080,2015.02.19_18.05.41.wav,2015.02.19,3,1,1
1081,1081,2015.02.19_18.05.41.wav,2015.02.19,4,1,1
1082,1082,2015.02.19_18.05.41.wav,2015.02.19,5,1,1
1083,1083,2015.02.19_18.05.41.wav,2015.02.19,5,1,1
1084,1084,2015.02.19_18.05.41.wav,2015.02.19,4,1,1
1085,1085,2015.02.19_18.05.41.wav,2015.02.19,5,1,1
1086,1086,2015.02.19_18.05.41.wav,2015.02.19,5,1,1
1087,1087,2015.02.19_18.05.41.wav,2015.02.19,3,1,1
1088,1088,2015.02.19_18.05.41.wav,2015.02.19,2,1,1
1089,1089,2015.02.19_18.05.41.wav,2015.02.19,2,1,1
1090,1090,2015.02.19_18.05.41.wav,2015.02.19,1,1,1
1091,1091,2015.02.19_18.05.41.wav,2015.02.19,3,1,1
1092,1092,2015.02.19_18.05.41.wav,2015.02.19,5,1,1
1093,1093,2015.02.19_18.05.41.wav,2015.02.19,4,1,1
1094,1094,2015.02.19_18.05.41.wav,2015.02.19,3,1,1
1095,1095,2015.02.19_18.20.43.wav,2015.02.19,1,1,1
1096,1096,2015.02.19_18.20.43.wav,2015.02.19,1,1,1
1097,1097,2015.02.19_18.20.43.wav,2015.02.19,1,1,1
1098,1098,2015.02.19_18.20.43.wav,2015.02.19,2,1,1
1099,1099,2015.02.19_18.20.43.wav,2015.02.19,1,1,1
1100,1100,2015.02.19_18.20.43.wav,2015.02.19,4,1,1
1101,1101,2015.02.19_18.20.43.wav,2015.02.19,2,1,1
1102,1102,2015.02.19_18.20.43.wav,2015.02.19,7,1,1
1103,1103,2015.02.19_18.20.43.wav,2015.02.19,1,1,1
1104,1104,2015.02.19_18.20.43.wav,2015.02.19,1,1,1
1105,1105,2015.02.19_18.20.43.wav,2015.02.19,1,1,1
1106,1106,2015.02.19_18.20.43.wav,2015.02.19,1,1,1
1107,1107,2015.02.19_18.20.43.wav,2015.02.19,0,0,0
1108,1108,2015.02.19_18.20.43.wav,2015.02.19,0,0,0
1109,1109,2015.02.19_18.20.43.wav,2015.02.19,0,0,0
1110,1110,2015.02.19_18.35.49.wav,2015.02.19,0,0,0
1111,1111,2015.02.19_18.35.49.wav,2015.02.19,0,0,0
1112,1112,2015.02.19_18.35.49.wav,2015.02.19,0,0,0
1113,1113,2015.02.19_18.35.49.wav,2015.02.19,0,0,0
1114,1114,2015.02.19_18.35.49.wav,2015.02.19,0,0,0
1115,1115,2015.02.19_18.35.49.wav,2015.02.19,0,0,0
1116,1116,2015.02.19_18.35.49.wav,2015.02.19,0,0,0
1117,1117,2015.02.19_18.35.49.wav,2015.02.19,0,0,0
1118,1118,2015.02.19_18.35.49.wav,2015.02.19,0,0,0
1119,1119,2015.02.19_18.35.49.wav,2015.02.19,0,0,0
1120,1120,2015.02.19_18.35.49.wav,2015.02.19,0,0,0
1121,1121,2015.02.19_18.35.49.wav,2015.02.19,0,0,0
1122,1122,2015.02.19_18.35.49.wav,2015.02.19,0,0,0
1123,1123,2015.02.19_18.35.49.wav,2015.02.19,0,0,0
1124,1124,2015.02.19_18.35.49.wav,2015.02.19,1,1,0
1125,1125,2015.02.19_18.50.50.wav,2015.02.19,0,0,0
1126,1126,2015.02.19_18.50.50.wav,2015.02.19,1,1,0
1127,1127,2015.02.19_18.50.50.wav,2015.02.19,0,0,0
1128,1128,2015.02.19_18.50.50.wav,2015.02.19,0,0,0
1129,1129,2015.02.19_18.50.50.wav,2015.02.19,0,0,0
1130,1130,2015.02.19_18.50.50.wav,2015.02.19,0,0,0
1131,1131,2015.02.19_18.50.50.wav,2015.02.19,0,0,0
1132,1132,2015.02.19_18.50.50.wav,2015.02.19,0,0,0
1133,1133,2015.02.19_18.50.50.wav,2015.02.19,0,0,0
1134,1134,2015.02.19_18.50.50.wav,2015.02.19,0,0,0
1135,1135,2015.02.19_18.50.50.wav,2015.02.19,0,0,0
1136,1136,2015.02.19_18.50.50.wav,2015.02.19,0,0,0
1137,1137,2015.02.19_18.50.50.wav,2015.02.19,0,0,0
1138,1138,2015.02.19_18.50.50.wav,2015.02.19,0,0,0
1139,1139,2015.02.19_18.50.50.wav,2015.02.19,0,0,0
1140,1140,2015.02.19_19.05.53.wav,2015.02.19,0,0,0
1141,1141,2015.02.19_19.05.53.wav,2015.02.19,0,0,0
1142,1142,2015.02.19_19.05.53.wav,2015.02.19,0,0,0
1143,1143,2015.02.19_19.05.53.wav,2015.02.19,0,0,0
1144,1144,2015.02.19_19.05.53.wav,2015.02.19,0,0,0
1145,1145,2015.02.19_19.05.53.wav,2015.02.19,0,0,0
1146,1146,2015.02.19_19.05.53.wav,2015.02.19,0,0,0
1147,1147,2015.02.19_19.05.53.wav,2015.02.19,0,0,0
1148,1148,2015.02.19_19.05.53.wav,2015.02.19,0,0,0
1149,1149,2015.02.19_19.05.53.wav,2015.02.19,0,0,0
1150,1150,2015.02.19_19.05.53.wav,2015.02.19,0,0,0
1151,1151,2015.02.19_19.05.53.wav,2015.02.19,0,0,0
1152,1152,2015.02.19_19.05.53.wav,2015.02.19,0,0,0
1153,1153,2015.02.19_19.05.53.wav,2015.02.19,0,0,0
1154,1154,2015.02.19_19.05.53.wav,2015.02.19,0,0,0
1155,1155,2015.02.19_19.20.59.wav,2015.02.19,0,0,0
1156,1156,2015.02.19_19.20.59.wav,2015.02.19,0,0,0
1157,1157,2015.02.19_19.20.59.wav,2015.02.19,0,0,0
1158,1158,2015.02.19_19.20.59.wav,2015.02.19,1,1,1
1159,1159,2015.02.19_19.20.59.wav,2015.02.19,1,1,1
1160,1160,2015.02.19_19.20.59.wav,2015.02.19,0,0,0
1161,1161,2015.02.19_19.20.59.wav,2015.02.19,0,0,0
1162,1162,2015.02.19_19.20.59.wav,2015.02.19,0,0,0
1163,1163,2015.02.19_19.20.59.wav,2015.02.19,0,0,0
1164,1164,2015.02.19_19.20.59.wav,2015.02.19,0,0,0
1165,1165,2015.02.19_19.20.59.wav,2015.02.19,0,0,0
1166,1166,2015.02.19_19.20.59.wav,2015.02.19,0,0,0
1167,1167,2015.02.19_19.20.59.wav,2015.02.19,0,0,0
1168,1168,2015.02.19_19.20.59.wav,2015.02.19,0,0,0
1169,1169,2015.02.19_19.20.59.wav,2015.02.19,0,0,0
1170,1170,2015.02.19_19.36.01.wav,2015.02.19,0,0,0
1171,1171,2015.02.19_19.36.01.wav,2015.02.19,0,0,0
1172,1172,2015.02.19_19.36.01.wav,2015.02.19,0,0,0
1173,1173,2015.02.19_19.36.01.wav,2015.02.19,0,0,0
1174,1174,2015.02.19_19.36.01.wav,2015.02.19,0,0,0
1175,1175,2015.02.19_19.36.01.wav,2015.02.19,0,0,0
1176,1176,2015.02.19_19.36.01.wav,2015.02.19,0,0,0
1177,1177,2015.02.19_19.36.01.wav,2015.02.19,0,0,0
1178,1178,2015.02.19_19.36.01.wav,2015.02.19,0,0,0
1179,1179,2015.02.19_19.36.01.wav,2015.02.19,0,0,0
1180,1180,2015.02.19_19.36.01.wav,2015.02.19,0,0,0
1181,1181,2015.02.19_19.36.01.wav,2015.02.19,0,0,0
1182,1182,2015.02.19_19.36.01.wav,2015.02.19,0,0,0
1183,1183,2015.02.19_19.36.01.wav,2015.02.19,0,0,0
1184,1184,2015.02.19_19.36.01.wav,2015.02.19,0,0,0
1185,1185,2015.02.19_19.51.03.wav,2015.02.19,0,0,0
1186,1186,2015.02.19_19.51.03.wav,2015.02.19,0,0,0
1187,1187,2015.02.19_19.51.03.wav,2015.02.19,0,0,0
1188,1188,2015.02.19_19.51.03.wav,2015.02.19,0,0,0
1189,1189,2015.02.19_19.51.03.wav,2015.02.19,0,0,0
1190,1190,2015.02.19_19.51.03.wav,2015.02.19,0,0,0
1191,1191,2015.02.19_19.51.03.wav,2015.02.19,0,0,0
1192,1192,2015.02.19_19.51.03.wav,2015.02.19,0,0,0
1193,1193,2015.02.19_19.51.03.wav,2015.02.19,0,0,0
1194,1194,2015.02.19_19.51.03.wav,2015.02.19,0,0,0
1195,1195,2015.02.19_19.51.03.wav,2015.02.19,0,0,0
1196,1196,2015.02.19_19.51.03.wav,2015.02.19,0,0,0
1197,1197,2015.02.19_19.51.03.wav,2015.02.19,0,0,0
1198,1198,2015.02.19_19.51.03.wav,2015.02.19,0,0,0
1199,1199,2015.02.19_19.51.03.wav,2015.02.19,0,0,0
1200,1200,2015.02.19_20.06.07.wav,2015.02.19,0,0,0
1201,1201,2015.02.19_20.06.07.wav,2015.02.19,0,0,0
1202,1202,2015.02.19_20.06.07.wav,2015.02.19,0,0,0
1203,1203,2015.02.19_20.06.07.wav,2015.02.19,0,0,0
1204,1204,2015.02.19_20.06.07.wav,2015.02.19,0,0,0
1205,1205,2015.02.19_20.06.07.wav,2015.02.19,0,0,0
1206,1206,2015.02.19_20.06.07.wav,2015.02.19,0,0,0
1207,1207,2015.02.19_20.06.07.wav,2015.02.19,0,0,0
1208,1208,2015.02.19_20.06.07.wav,2015.02.19,0,0,0
1209,1209,2015.02.19_20.06.07.wav,2015.02.19,0,0,0
1210,1210,2015.02.19_20.06.07.wav,2015.02.19,0,0,0
1211,1211,2015.02.19_20.06.07.wav,2015.02.19,0,0,0
1212,1212,2015.02.19_20.06.07.wav,2015.02.19,0,0,0
1213,1213,2015.02.19_20.06.07.wav,2015.02.19,0,0,0
1214,1214,2015.02.19_20.06.07.wav,2015.02.19,0,0,0
1215,1215,2015.02.19_20.21.09.wav,2015.02.19,0,0,0
1216,1216,2015.02.19_20.21.09.wav,2015.02.19,0,0,0
1217,1217,2015.02.19_20.21.09.wav,2015.02.19,0,0,0
1218,1218,2015.02.19_20.21.09.wav,2015.02.19,0,0,0
1219,1219,2015.02.19_20.21.09.wav,2015.02.19,0,0,0
1220,1220,2015.02.19_20.21.09.wav,2015.02.19,0,0,0
1221,1221,2015.02.19_20.21.09.wav,2015.02.19,0,0,0
1222,1222,2015.02.19_20.21.09.wav,2015.02.19,0,0,0
1223,1223,2015.02.19_20.21.09.wav,2015.02.19,0,0,0
1224,1224,2015.02.19_20.21.09.wav,2015.02.19,0,0,0
1225,1225,2015.02.19_20.21.09.wav,2015.02.19,0,0,0
1226,1226,2015.02.19_20.21.09.wav,2015.02.19,0,0,0
1227,1227,2015.02.19_20.21.09.wav,2015.02.19,0,0,0
1228,1228,2015.02.19_20.21.09.wav,2015.02.19,0,0,0
1229,1229,2015.02.19_20.21.09.wav,2015.02.19,0,0,0
1230,1230,2015.02.19_20.36.11.wav,2015.02.19,0,0,0
1231,1231,2015.02.19_20.36.11.wav,2015.02.19,0,0,0
1232,1232,2015.02.19_20.36.11.wav,2015.02.19,0,0,0
1233,1233,2015.02.19_20.36.11.wav,2015.02.19,0,0,0
1234,1234,2015.02.19_20.36.11.wav,2015.02.19,0,0,0
1235,1235,2015.02.19_20.36.11.wav,2015.02.19,0,0,0
1236,1236,2015.02.19_20.36.11.wav,2015.02.19,0,0,0
1237,1237,2015.02.19_20.36.11.wav,2015.02.19,0,0,0
1238,1238,2015.02.19_20.36.11.wav,2015.02.19,0,0,0
1239,1239,2015.02.19_20.36.11.wav,2015.02.19,0,0,0
1240,1240,2015.02.19_20.36.11.wav,2015.02.19,0,0,0
1241,1241,2015.02.19_20.36.11.wav,2015.02.19,0,0,0
1242,1242,2015.02.19_20.36.11.wav,2015.02.19,0,0,0
1243,1243,2015.02.19_20.36.11.wav,2015.02.19,0,0,0
1244,1244,2015.02.19_20.36.11.wav,2015.02.19,0,0,0
1245,1245,2015.02.19_20.51.13.wav,2015.02.19,0,0,0
1246,1246,2015.02.19_20.51.13.wav,2015.02.19,0,0,0
1247,1247,2015.02.19_20.51.13.wav,2015.02.19,0,0,0
1248,1248,2015.02.19_20.51.13.wav,2015.02.19,0,0,0
1249,1249,2015.02.19_20.51.13.wav,2015.02.19,0,0,0
1250,1250,2015.02.19_20.51.13.wav,2015.02.19,0,0,0
1251,1251,2015.02.19_20.51.13.wav,2015.02.19,0,0,0
1252,1252,2015.02.19_20.51.13.wav,2015.02.19,0,0,0
1253,1253,2015.02.19_20.51.13.wav,2015.02.19,0,0,0
1254,1254,2015.02.19_20.51.13.wav,2015.02.19,0,0,0
1255,1255,2015.02.19_20.51.13.wav,2015.02.19,0,0,0
1256,1256,2015.02.19_20.51.13.wav,2015.02.19,0,0,0
1257,1257,2015.02.19_20.51.13.wav,2015.02.19,0,0,0
1258,1258,2015.02.19_20.51.13.wav,2015.02.19,0,0,0
1259,1259,2015.02.19_20.51.13.wav,2015.02.19,0,0,0
1260,1260,2015.02.19_21.06.17.wav,2015.02.19,0,0,0
1261,1261,2015.02.19_21.06.17.wav,2015.02.19,0,0,0
1262,1262,2015.02.19_21.06.17.wav,2015.02.19,0,0,0
1263,1263,2015.02.19_21.06.17.wav,2015.02.19,0,0,0
1264,1264,2015.02.19_21.06.17.wav,2015.02.19,5,1,1
1265,1265,2015.02.19_21.06.17.wav,2015.02.19,5,1,1
1266,1266,2015.02.19_21.06.17.wav,2015.02.19,2,1,1
1267,1267,2015.02.19_21.06.17.wav,2015.02.19,0,0,0
1268,1268,2015.02.19_21.06.17.wav,2015.02.19,0,0,0
1269,1269,2015.02.19_21.06.17.wav,2015.02.19,0,0,0
1270,1270,2015.02.19_21.06.17.wav,2015.02.19,0,0,0
1271,1271,2015.02.19_21.06.17.wav,2015.02.19,0,0,0
1272,1272,2015.02.19_21.06.17.wav,2015.02.19,0,0,0
1273,1273,2015.02.19_21.06.17.wav,2015.02.19,0,0,0
1274,1274,2015.02.19_21.06.17.wav,2015.02.19,0,0,0
1275,1275,2015.02.19_21.21.19.wav,2015.02.19,0,0,0
1276,1276,2015.02.19_21.21.19.wav,2015.02.19,0,0,0
1277,1277,2015.02.19_21.21.19.wav,2015.02.19,0,0,0
1278,1278,2015.02.19_21.21.19.wav,2015.02.19,0,0,0
1279,1279,2015.02.19_21.21.19.wav,2015.02.19,0,0,0
1280,1280,2015.02.19_21.21.19.wav,2015.02.19,0,0,0
1281,1281,2015.02.19_21.21.19.wav,2015.02.19,0,0,0
1282,1282,2015.02.19_21.21.19.wav,2015.02.19,0,0,0
1283,1283,2015.02.19_21.21.19.wav,2015.02.19,0,0,0
1284,1284,2015.02.19_21.21.19.wav,2015.02.19,0,0,0
1285,1285,2015.02.19_21.21.19.wav,2015.02.19,0,0,0
1286,1286,2015.02.19_21.21.19.wav,2015.02.19,0,0,0
1287,1287,2015.02.19_21.21.19.wav,2015.02.19,0,0,0
1288,1288,2015.02.19_21.21.19.wav,2015.02.19,0,0,0
1289,1289,2015.02.19_21.21.19.wav,2015.02.19,0,0,0
1290,1290,2015.02.19_21.36.22.wav,2015.02.19,0,0,0
1291,1291,2015.02.19_21.36.22.wav,2015.02.19,1,1,0
1292,1292,2015.02.19_21.36.22.wav,2015.02.19,0,0,0
1293,1293,2015.02.19_21.36.22.wav,2015.02.19,0,0,0
1294,1294,2015.02.19_21.36.22.wav,2015.02.19,0,0,0
1295,1295,2015.02.19_21.36.22.wav,2015.02.19,0,0,0
1296,1296,2015.02.19_21.36.22.wav,2015.02.19,0,0,0
1297,1297,2015.02.19_21.36.22.wav,2015.02.19,0,0,0
1298,1298,2015.02.19_21.36.22.wav,2015.02.19,0,0,0
1299,1299,2015.02.19_21.36.22.wav,2015.02.19,0,0,0
1300,1300,2015.02.19_21.36.22.wav,2015.02.19,0,0,0
1301,1301,2015.02.19_21.36.22.wav,2015.02.19,0,0,0
1302,1302,2015.02.19_21.36.22.wav,2015.02.19,0,0,0
1303,1303,2015.02.19_21.36.22.wav,2015.02.19,0,0,0
1304,1304,2015.02.19_21.36.22.wav,2015.02.19,0,0,0
1305,1305,2015.02.19_21.51.26.wav,2015.02.19,0,0,0
1306,1306,2015.02.19_21.51.26.wav,2015.02.19,0,0,0
1307,1307,2015.02.19_21.51.26.wav,2015.02.19,0,0,0
1308,1308,2015.02.19_21.51.26.wav,2015.02.19,0,0,0
1309,1309,2015.02.19_21.51.26.wav,2015.02.19,0,0,0
1310,1310,2015.02.19_21.51.26.wav,2015.02.19,0,0,0
1311,1311,2015.02.19_21.51.26.wav,2015.02.19,0,0,0
1312,1312,2015.02.19_21.51.26.wav,2015.02.19,0,0,0
1313,1313,2015.02.19_21.51.26.wav,2015.02.19,0,0,0
1314,1314,2015.02.19_21.51.26.wav,2015.02.19,0,0,0
1315,1315,2015.02.19_21.51.26.wav,2015.02.19,0,0,0
1316,1316,2015.02.19_21.51.26.wav,2015.02.19,0,0,0
1317,1317,2015.02.19_21.51.26.wav,2015.02.19,0,0,0
1318,1318,2015.02.19_21.51.26.wav,2015.02.19,0,0,0
1319,1319,2015.02.19_21.51.26.wav,2015.02.19,0,0,0
1320,1320,2015.02.19_22.06.30.wav,2015.02.19,0,0,0
1321,1321,2015.02.19_22.06.30.wav,2015.02.19,0,0,0
1322,1322,2015.02.19_22.06.30.wav,2015.02.19,0,0,0
1323,1323,2015.02.19_22.06.30.wav,2015.02.19,0,0,0
1324,1324,2015.02.19_22.06.30.wav,2015.02.19,0,0,0
1325,1325,2015.02.19_22.06.30.wav,2015.02.19,0,0,0
1326,1326,2015.02.19_22.06.30.wav,2015.02.19,0,0,0
1327,1327,2015.02.19_22.06.30.wav,2015.02.19,0,0,0
1328,1328,2015.02.19_22.06.30.wav,2015.02.19,0,0,0
1329,1329,2015.02.19_22.06.30.wav,2015.02.19,1,1,1
1330,1330,2015.02.19_22.06.30.wav,2015.02.19,1,1,1
1331,1331,2015.02.19_22.06.30.wav,2015.02.19,1,1,1
1332,1332,2015.02.19_22.06.30.wav,2015.02.19,1,1,1
1333,1333,2015.02.19_22.06.30.wav,2015.02.19,0,0,0
1334,1334,2015.02.19_22.06.30.wav,2015.02.19,0,0,0
1335,1335,2015.02.19_22.21.35.wav,2015.02.19,0,0,0
1336,1336,2015.02.19_22.21.35.wav,2015.02.19,1,1,1
1337,1337,2015.02.19_22.21.35.wav,2015.02.19,1,1,1
1338,1338,2015.02.19_22.21.35.wav,2015.02.19,3,1,1
1339,1339,2015.02.19_22.21.35.wav,2015.02.19,3,1,1
1340,1340,2015.02.19_22.21.35.wav,2015.02.19,1,1,1
1341,1341,2015.02.19_22.21.35.wav,2015.02.19,1,1,1
1342,1342,2015.02.19_22.21.35.wav,2015.02.19,2,1,1
1343,1343,2015.02.19_22.21.35.wav,2015.02.19,3,1,1
1344,1344,2015.02.19_22.21.35.wav,2015.02.19,3,1,1
1345,1345,2015.02.19_22.21.35.wav,2015.02.19,2,1,1
1346,1346,2015.02.19_22.21.35.wav,2015.02.19,1,1,1
1347,1347,2015.02.19_22.21.35.wav,2015.02.19,3,1,1
1348,1348,2015.02.19_22.21.35.wav,2015.02.19,3,1,1
1349,1349,2015.02.19_22.21.35.wav,2015.02.19,4,1,1
1350,1350,2015.02.19_22.36.39.wav,2015.02.19,3,1,0
1351,1351,2015.02.19_22.36.39.wav,2015.02.19,2,1,0
1352,1352,2015.02.19_22.36.39.wav,2015.02.19,2,1,0
1353,1353,2015.02.19_22.36.39.wav,2015.02.19,2,1,0
1354,1354,2015.02.19_22.36.39.wav,2015.02.19,2,1,0
1355,1355,2015.02.19_22.36.39.wav,2015.02.19,2,1,0
1356,1356,2015.02.19_22.36.39.wav,2015.02.19,3,1,0
1357,1357,2015.02.19_22.36.39.wav,2015.02.19,3,1,0
1358,1358,2015.02.19_22.36.39.wav,2015.02.19,3,1,0
1359,1359,2015.02.19_22.36.39.wav,2015.02.19,4,1,0
1360,1360,2015.02.19_22.36.39.wav,2015.02.19,3,1,0
1361,1361,2015.02.19_22.36.39.wav,2015.02.19,2,1,0
1362,1362,2015.02.19_22.36.39.wav,2015.02.19,5,1,0
1363,1363,2015.02.19_22.36.39.wav,2015.02.19,5,1,0
1364,1364,2015.02.19_22.36.39.wav,2015.02.19,5,1,0
1365,1365,2015.02.19_22.51.43.wav,2015.02.19,5,1,0
1366,1366,2015.02.19_22.51.43.wav,2015.02.19,5,1,0
1367,1367,2015.02.19_22.51.43.wav,2015.02.19,6,1,0
1368,1368,2015.02.19_22.51.43.wav,2015.02.19,4,1,0
1369,1369,2015.02.19_22.51.43.wav,2015.02.19,3,1,0
1370,1370,2015.02.19_22.51.43.wav,2015.02.19,7,1,0
1371,1371,2015.02.19_22.51.43.wav,2015.02.19,6,1,0
1372,1372,2015.02.19_22.51.43.wav,2015.02.19,5,1,0
1373,1373,2015.02.19_22.51.43.wav,2015.02.19,6,1,0
1374,1374,2015.02.19_22.51.43.wav,2015.02.19,7,1,0
1375,1375,2015.02.19_22.51.43.wav,2015.02.19,5,1,0
1376,1376,2015.02.19_22.51.43.wav,2015.02.19,7,1,0
1377,1377,2015.02.19_22.51.43.wav,2015.02.19,6,1,0
1378,1378,2015.02.19_22.51.43.wav,2015.02.19,5,1,0
1379,1379,2015.02.19_22.51.43.wav,2015.02.19,6,1,0
1380,1380,2015.02.19_23.06.45.wav,2015.02.19,7,1,1
1381,1381,2015.02.19_23.06.45.wav,2015.02.19,8,1,1
1382,1382,2015.02.19_23.06.45.wav,2015.02.19,6,1,1
1383,1383,2015.02.19_23.06.45.wav,2015.02.19,1,1,1
1384,1384,2015.02.19_23.06.45.wav,2015.02.19,2,1,1
1385,1385,2015.02.19_23.06.45.wav,2015.02.19,1,1,1
1386,1386,2015.02.19_23.06.45.wav,2015.02.19,0,0,0
1387,1387,2015.02.19_23.06.45.wav,2015.02.19,0,0,0
1388,1388,2015.02.19_23.06.45.wav,2015.02.19,3,1,1
1389,1389,2015.02.19_23.06.45.wav,2015.02.19,2,1,1
1390,1390,2015.02.19_23.06.45.wav,2015.02.19,1,1,1
1391,1391,2015.02.19_23.06.45.wav,2015.02.19,1,1,1
1392,1392,2015.02.19_23.06.45.wav,2015.02.19,3,1,1
1393,1393,2015.02.19_23.06.45.wav,2015.02.19,2,1,1
1394,1394,2015.02.19_23.06.45.wav,2015.02.19,1,1,1
1395,1395,2015.02.19_23.21.49.wav,2015.02.19,0,0,0
1396,1396,2015.02.19_23.21.49.wav,2015.02.19,1,1,1
1397,1397,2015.02.19_23.21.49.wav,2015.02.19,2,1,1
1398,1398,2015.02.19_23.21.49.wav,2015.02.19,2,1,1
1399,1399,2015.02.19_23.21.49.wav,2015.02.19,0,0,0
1400,1400,2015.02.19_23.21.49.wav,2015.02.19,0,0,0
1401,1401,2015.02.19_23.21.49.wav,2015.02.19,0,0,0
1402,1402,2015.02.19_23.21.49.wav,2015.02.19,0,0,0
1403,1403,2015.02.19_23.21.49.wav,2015.02.19,0,0,0
1404,1404,2015.02.19_23.21.49.wav,2015.02.19,0,0,0
1405,1405,2015.02.19_23.21.49.wav,2015.02.19,0,0,0
1406,1406,2015.02.19_23.21.49.wav,2015.02.19,0,0,0
1407,1407,2015.02.19_23.21.49.wav,2015.02.19,0,0,0
1408,1408,2015.02.19_23.21.49.wav,2015.02.19,0,0,0
1409,1409,2015.02.19_23.21.49.wav,2015.02.19,0,0,0
1410,1410,2015.02.19_23.36.51.wav,2015.02.19,0,0,0
1411,1411,2015.02.19_23.36.51.wav,2015.02.19,0,0,0
1412,1412,2015.02.19_23.36.51.wav,2015.02.19,0,0,0
1413,1413,2015.02.19_23.36.51.wav,2015.02.19,1,1,1
1414,1414,2015.02.19_23.36.51.wav,2015.02.19,1,1,1
1415,1415,2015.02.19_23.36.51.wav,2015.02.19,1,1,1
1416,1416,2015.02.19_23.36.51.wav,2015.02.19,1,1,1
1417,1417,2015.02.19_23.36.51.wav,2015.02.19,1,1,1
1418,1418,2015.02.19_23.36.51.wav,2015.02.19,1,1,1
1419,1419,2015.02.19_23.36.51.wav,2015.02.19,1,1,1
1420,1420,2015.02.19_23.36.51.wav,2015.02.19,1,1,1
1421,1421,2015.02.19_23.36.51.wav,2015.02.19,1,1,1
1422,1422,2015.02.19_23.36.51.wav,2015.02.19,0,0,0
1423,1423,2015.02.19_23.36.51.wav,2015.02.19,0,0,0
1424,1424,2015.02.19_23.36.51.wav,2015.02.19,0,0,0
1425,1425,2015.02.19_23.51.56.wav,2015.02.19,0,0,0
1426,1426,2015.02.19_23.51.56.wav,2015.02.19,0,0,0
1427,1427,2015.02.19_23.51.56.wav,2015.02.19,1,1,1
1428,1428,2015.02.19_23.51.56.wav,2015.02.19,1,1,1
1429,1429,2015.02.19_23.51.56.wav,2015.02.19,1,1,1
1430,1430,2015.02.19_23.51.56.wav,2015.02.19,1,1,1
1431,1431,2015.02.19_23.51.56.wav,2015.02.19,0,0,0
1432,1432,2015.02.19_23.51.56.wav,2015.02.19,0,0,0
1433,1433,2015.02.19_23.51.56.wav,2015.02.19,0,0,0
1434,1434,2015.02.19_23.51.56.wav,2015.02.19,1,1,1
1435,1435,2015.02.19_23.51.56.wav,2015.02.19,1,1,1
1436,1436,2015.02.19_23.51.56.wav,2015.02.19,1,1,1
1437,1437,2015.02.19_23.51.56.wav,2015.02.19,1,1,1
1438,1438,2015.02.19_23.51.56.wav,2015.02.19,1,1,1
1439,1439,2015.02.19_23.51.56.wav,2015.02.19,1,1,1
